-- MySQL dump 10.16  Distrib 10.1.45-MariaDB, for debian-linux-gnu (x86_64)
--
-- Host: localhost    Database: payunganakbangsa_siopak
-- ------------------------------------------------------
-- Server version	10.1.45-MariaDB-0+deb9u1

/*!40101 SET @OLD_CHARACTER_SET_CLIENT=@@CHARACTER_SET_CLIENT */;
/*!40101 SET @OLD_CHARACTER_SET_RESULTS=@@CHARACTER_SET_RESULTS */;
/*!40101 SET @OLD_COLLATION_CONNECTION=@@COLLATION_CONNECTION */;
/*!40101 SET NAMES utf8mb4 */;
/*!40103 SET @OLD_TIME_ZONE=@@TIME_ZONE */;
/*!40103 SET TIME_ZONE='+00:00' */;
/*!40014 SET @OLD_UNIQUE_CHECKS=@@UNIQUE_CHECKS, UNIQUE_CHECKS=0 */;
/*!40014 SET @OLD_FOREIGN_KEY_CHECKS=@@FOREIGN_KEY_CHECKS, FOREIGN_KEY_CHECKS=0 */;
/*!40101 SET @OLD_SQL_MODE=@@SQL_MODE, SQL_MODE='NO_AUTO_VALUE_ON_ZERO' */;
/*!40111 SET @OLD_SQL_NOTES=@@SQL_NOTES, SQL_NOTES=0 */;

--
-- Table structure for table `ak_lama_file`
--

DROP TABLE IF EXISTS `ak_lama_file`;
/*!40101 SET @saved_cs_client     = @@character_set_client */;
/*!40101 SET character_set_client = utf8 */;
CREATE TABLE `ak_lama_file` (
  `id_ak_lama_file` int(10) NOT NULL AUTO_INCREMENT,
  `file_bukti` text NOT NULL,
  `nip` varchar(20) NOT NULL,
  `tahun` varchar(4) NOT NULL,
  `statusi` int(1) NOT NULL,
  PRIMARY KEY (`id_ak_lama_file`)
) ENGINE=InnoDB AUTO_INCREMENT=15 DEFAULT CHARSET=latin1;
/*!40101 SET character_set_client = @saved_cs_client */;

--
-- Dumping data for table `ak_lama_file`
--

LOCK TABLES `ak_lama_file` WRITE;
/*!40000 ALTER TABLE `ak_lama_file` DISABLE KEYS */;
INSERT INTO `ak_lama_file` VALUES (5,'','198007212020031001','2020',0),(7,'','198304172009121001','2222',0),(9,'PAK_PEGAWAI_SEBELUMNYA_2222_198007212020031022.png','198007212020031022','2222',0),(12,'PAK_PEGAWAI_SEBELUMNYA_2018_198007122008122002.png','198007122008122002','2018',0),(14,'PAK_PEGAWAI_SEBELUMNYA_2017_199910082008122001.png','199910082008122001','2017',0);
/*!40000 ALTER TABLE `ak_lama_file` ENABLE KEYS */;
UNLOCK TABLES;

--
-- Table structure for table `ak_lama_pegawai`
--

DROP TABLE IF EXISTS `ak_lama_pegawai`;
/*!40101 SET @saved_cs_client     = @@character_set_client */;
/*!40101 SET character_set_client = utf8 */;
CREATE TABLE `ak_lama_pegawai` (
  `id_ak_lama` int(11) NOT NULL AUTO_INCREMENT,
  `tahun` int(4) DEFAULT NULL,
  `nip` varchar(18) DEFAULT NULL,
  `kode_kegiatan` int(2) DEFAULT NULL,
  `ak_lama_jafung` double DEFAULT '0' COMMENT 'total_ak_lama yg diinput jafung',
  `ak_lama_admin` double DEFAULT '0' COMMENT 'total_ak_lama yg diverifikasi admin',
  PRIMARY KEY (`id_ak_lama`),
  UNIQUE KEY `ak_lama_pegawai_idx1` (`tahun`,`nip`,`kode_kegiatan`) USING BTREE,
  KEY `ak_lama_pegawai_fk1` (`kode_kegiatan`),
  KEY `ak_lama_pegawai_fk2` (`nip`)
) ENGINE=InnoDB AUTO_INCREMENT=771 DEFAULT CHARSET=latin1 PACK_KEYS=0;
/*!40101 SET character_set_client = @saved_cs_client */;

--
-- Dumping data for table `ak_lama_pegawai`
--

LOCK TABLES `ak_lama_pegawai` WRITE;
/*!40000 ALTER TABLE `ak_lama_pegawai` DISABLE KEYS */;
INSERT INTO `ak_lama_pegawai` VALUES (221,2020,'198007212020031001',1,0,0),(222,2020,'198007212020031001',2,150,150),(223,2020,'198007212020031001',3,9,9),(224,2020,'198007212020031001',4,5,5),(225,2020,'198007212020031001',5,0,0),(226,2020,'198007212020031001',6,0,0),(227,2020,'198007212020031001',7,0,0),(228,2020,'198007212020031001',8,0,0),(229,2020,'198007212020031001',9,0,0),(230,2020,'198007212020031001',10,0,0),(231,2020,'198007212020031001',11,0,0),(232,2020,'198007212020031001',12,0,0),(233,2020,'198007212020031001',13,0,0),(234,2020,'198007212020031001',14,0,0),(235,2020,'198007212020031001',17,0,0),(236,2020,'198007212020031001',18,0,0),(237,2020,'198007212020031001',19,0,0),(238,2020,'198007212020031001',20,0,0),(239,2020,'198007212020031001',21,0,0),(240,2020,'198007212020031001',22,0,0),(241,2020,'198007212020031001',23,0,0),(242,2020,'198007212020031001',24,0,0),(243,2020,'198007212020031001',25,0,0),(244,2020,'198007212020031001',26,0,0),(245,2020,'198007212020031001',27,0,0),(246,2020,'198007212020031001',28,0,0),(247,2020,'198007212020031001',29,0,0),(248,2020,'198007212020031001',30,0,0),(249,2020,'198007212020031001',31,0,0),(250,2020,'198007212020031001',32,0,0),(251,2020,'198007212020031001',33,0,0),(252,2020,'198007212020031001',34,0,0),(253,2020,'198007212020031001',35,0,0),(254,2020,'198007212020031001',36,0,0),(255,2020,'198007212020031001',37,0,0),(256,2020,'198007212020031001',38,0,0),(257,2020,'198007212020031001',39,0,0),(258,2020,'198007212020031001',40,0,0),(259,2020,'198007212020031001',41,0,0),(260,2020,'198007212020031001',42,0,0),(261,2020,'198007212020031001',43,0,0),(262,2020,'198007212020031001',44,0,0),(263,2020,'198007212020031001',45,0,0),(264,2020,'198007212020031001',46,0,0),(265,2020,'198007212020031001',47,0,0),(266,2020,'198007212020031001',48,0,0),(267,2020,'198007212020031001',49,0,0),(268,2020,'198007212020031001',50,0,0),(269,2020,'198007212020031001',51,0,0),(270,2020,'198007212020031001',52,0,0),(271,2020,'198007212020031001',53,0,0),(272,2020,'198007212020031001',54,0,0),(273,2020,'198007212020031001',55,0,0),(274,2020,'198007212020031001',56,0,0),(275,2020,'198007212020031001',57,0,0),(331,2222,'198304172009121001',1,222,222),(332,2222,'198304172009121001',2,2222,2222),(333,2222,'198304172009121001',3,22,22),(334,2222,'198304172009121001',4,2,2),(335,2222,'198304172009121001',5,222,222),(336,2222,'198304172009121001',6,0,0),(337,2222,'198304172009121001',7,0,0),(338,2222,'198304172009121001',8,0,0),(339,2222,'198304172009121001',9,0,0),(340,2222,'198304172009121001',10,0,0),(341,2222,'198304172009121001',11,0,0),(342,2222,'198304172009121001',12,0,0),(343,2222,'198304172009121001',13,0,0),(344,2222,'198304172009121001',14,0,0),(345,2222,'198304172009121001',17,0,0),(346,2222,'198304172009121001',18,22,22),(347,2222,'198304172009121001',19,0,0),(348,2222,'198304172009121001',20,0,0),(349,2222,'198304172009121001',21,0,0),(350,2222,'198304172009121001',22,0,0),(351,2222,'198304172009121001',23,0,0),(352,2222,'198304172009121001',24,0,0),(353,2222,'198304172009121001',25,0,0),(354,2222,'198304172009121001',26,0,0),(355,2222,'198304172009121001',27,0,0),(356,2222,'198304172009121001',28,0,0),(357,2222,'198304172009121001',29,222,222),(358,2222,'198304172009121001',30,0,0),(359,2222,'198304172009121001',31,0,0),(360,2222,'198304172009121001',32,0,0),(361,2222,'198304172009121001',33,0,0),(362,2222,'198304172009121001',34,0,0),(363,2222,'198304172009121001',35,0,0),(364,2222,'198304172009121001',36,0,0),(365,2222,'198304172009121001',37,0,0),(366,2222,'198304172009121001',38,0,0),(367,2222,'198304172009121001',39,0,0),(368,2222,'198304172009121001',40,0,0),(369,2222,'198304172009121001',41,0,0),(370,2222,'198304172009121001',42,0,0),(371,2222,'198304172009121001',43,0,0),(372,2222,'198304172009121001',44,0,0),(373,2222,'198304172009121001',45,0,0),(374,2222,'198304172009121001',46,0,0),(375,2222,'198304172009121001',47,0,0),(376,2222,'198304172009121001',48,0,0),(377,2222,'198304172009121001',49,0,0),(378,2222,'198304172009121001',50,0,0),(379,2222,'198304172009121001',51,0,0),(380,2222,'198304172009121001',52,0,0),(381,2222,'198304172009121001',53,0,0),(382,2222,'198304172009121001',54,0,0),(383,2222,'198304172009121001',55,0,0),(384,2222,'198304172009121001',56,0,0),(385,2222,'198304172009121001',57,0,0),(441,2222,'198007212020031022',1,0,0),(442,2222,'198007212020031022',2,0,0),(443,2222,'198007212020031022',3,0,0),(444,2222,'198007212020031022',4,0,0),(445,2222,'198007212020031022',5,0,0),(446,2222,'198007212020031022',6,0,0),(447,2222,'198007212020031022',7,0,0),(448,2222,'198007212020031022',8,0,0),(449,2222,'198007212020031022',9,0,0),(450,2222,'198007212020031022',10,0,0),(451,2222,'198007212020031022',11,0,0),(452,2222,'198007212020031022',12,0,0),(453,2222,'198007212020031022',13,0,0),(454,2222,'198007212020031022',14,0,0),(455,2222,'198007212020031022',17,0,0),(456,2222,'198007212020031022',18,0,0),(457,2222,'198007212020031022',19,0,0),(458,2222,'198007212020031022',20,0,0),(459,2222,'198007212020031022',21,0,0),(460,2222,'198007212020031022',22,0,0),(461,2222,'198007212020031022',23,0,0),(462,2222,'198007212020031022',24,0,0),(463,2222,'198007212020031022',25,0,0),(464,2222,'198007212020031022',26,0,0),(465,2222,'198007212020031022',27,0,0),(466,2222,'198007212020031022',28,0,0),(467,2222,'198007212020031022',29,0,0),(468,2222,'198007212020031022',30,0,0),(469,2222,'198007212020031022',31,0,0),(470,2222,'198007212020031022',32,0,0),(471,2222,'198007212020031022',33,0,0),(472,2222,'198007212020031022',34,0,0),(473,2222,'198007212020031022',35,0,0),(474,2222,'198007212020031022',36,0,0),(475,2222,'198007212020031022',37,0,0),(476,2222,'198007212020031022',38,0,0),(477,2222,'198007212020031022',39,0,0),(478,2222,'198007212020031022',40,0,0),(479,2222,'198007212020031022',41,0,0),(480,2222,'198007212020031022',42,0,0),(481,2222,'198007212020031022',43,0,0),(482,2222,'198007212020031022',44,0,0),(483,2222,'198007212020031022',45,0,0),(484,2222,'198007212020031022',46,0,0),(485,2222,'198007212020031022',47,0,0),(486,2222,'198007212020031022',48,0,0),(487,2222,'198007212020031022',49,0,0),(488,2222,'198007212020031022',50,0,0),(489,2222,'198007212020031022',51,0,0),(490,2222,'198007212020031022',52,0,0),(491,2222,'198007212020031022',53,0,0),(492,2222,'198007212020031022',54,0,0),(493,2222,'198007212020031022',55,0,0),(494,2222,'198007212020031022',56,0,0),(495,2222,'198007212020031022',57,0,0),(606,2018,'198007122008122002',1,0,0),(607,2018,'198007122008122002',2,0,0),(608,2018,'198007122008122002',3,0,0),(609,2018,'198007122008122002',4,0.6,0.6),(610,2018,'198007122008122002',5,0.6,0.6),(611,2018,'198007122008122002',6,0.6,0.6),(612,2018,'198007122008122002',7,0,0),(613,2018,'198007122008122002',8,0.2,0.2),(614,2018,'198007122008122002',9,0.2,0.2),(615,2018,'198007122008122002',10,0.2,0.2),(616,2018,'198007122008122002',11,0.2,0.2),(617,2018,'198007122008122002',12,0,0),(618,2018,'198007122008122002',13,0,0),(619,2018,'198007122008122002',14,0,0),(620,2018,'198007122008122002',17,0,0),(621,2018,'198007122008122002',18,0,0),(622,2018,'198007122008122002',19,0,0),(623,2018,'198007122008122002',20,0,0),(624,2018,'198007122008122002',21,0,0),(625,2018,'198007122008122002',22,2,2),(626,2018,'198007122008122002',23,0,0),(627,2018,'198007122008122002',24,0,0),(628,2018,'198007122008122002',25,0,0),(629,2018,'198007122008122002',26,0,0),(630,2018,'198007122008122002',27,0,0),(631,2018,'198007122008122002',28,0,0),(632,2018,'198007122008122002',29,0,0),(633,2018,'198007122008122002',30,0,0),(634,2018,'198007122008122002',31,0,0),(635,2018,'198007122008122002',32,0,0),(636,2018,'198007122008122002',33,0,0),(637,2018,'198007122008122002',34,0,0),(638,2018,'198007122008122002',35,0,0),(639,2018,'198007122008122002',36,0,0),(640,2018,'198007122008122002',37,0,0),(641,2018,'198007122008122002',38,0,0),(642,2018,'198007122008122002',39,0,0),(643,2018,'198007122008122002',40,0,0),(644,2018,'198007122008122002',41,0,0),(645,2018,'198007122008122002',42,0,0),(646,2018,'198007122008122002',43,0,0),(647,2018,'198007122008122002',44,0,0),(648,2018,'198007122008122002',45,0,0),(649,2018,'198007122008122002',46,0,0),(650,2018,'198007122008122002',47,0,0),(651,2018,'198007122008122002',48,0,0),(652,2018,'198007122008122002',49,0,0),(653,2018,'198007122008122002',50,0,0),(654,2018,'198007122008122002',51,0,0),(655,2018,'198007122008122002',52,0,0),(656,2018,'198007122008122002',53,0,0),(657,2018,'198007122008122002',54,0,0),(658,2018,'198007122008122002',55,0,0),(659,2018,'198007122008122002',56,0,0),(660,2018,'198007122008122002',57,0,0),(716,2017,'199910082008122001',1,0,0),(717,2017,'199910082008122001',2,0,0),(718,2017,'199910082008122001',3,0,0),(719,2017,'199910082008122001',4,0,0),(720,2017,'199910082008122001',5,0,0),(721,2017,'199910082008122001',6,0,0),(722,2017,'199910082008122001',7,0,0),(723,2017,'199910082008122001',8,0,0),(724,2017,'199910082008122001',9,0,0),(725,2017,'199910082008122001',10,0,0),(726,2017,'199910082008122001',11,0,0),(727,2017,'199910082008122001',12,0,0),(728,2017,'199910082008122001',13,0,0),(729,2017,'199910082008122001',14,0,0),(730,2017,'199910082008122001',17,0,0),(731,2017,'199910082008122001',18,0,0),(732,2017,'199910082008122001',19,0,0),(733,2017,'199910082008122001',20,0,0),(734,2017,'199910082008122001',21,0,0),(735,2017,'199910082008122001',22,0,0),(736,2017,'199910082008122001',23,0,0),(737,2017,'199910082008122001',24,0,0),(738,2017,'199910082008122001',25,0,0),(739,2017,'199910082008122001',26,0,0),(740,2017,'199910082008122001',27,0,0),(741,2017,'199910082008122001',28,0,0),(742,2017,'199910082008122001',29,0,0),(743,2017,'199910082008122001',30,0,0),(744,2017,'199910082008122001',31,0,0),(745,2017,'199910082008122001',32,0,0),(746,2017,'199910082008122001',33,0,0),(747,2017,'199910082008122001',34,0,0),(748,2017,'199910082008122001',35,0,0),(749,2017,'199910082008122001',36,0,0),(750,2017,'199910082008122001',37,0,0),(751,2017,'199910082008122001',38,0,0),(752,2017,'199910082008122001',39,0,0),(753,2017,'199910082008122001',40,0,0),(754,2017,'199910082008122001',41,0,0),(755,2017,'199910082008122001',42,0,0),(756,2017,'199910082008122001',43,0,0),(757,2017,'199910082008122001',44,0,0),(758,2017,'199910082008122001',45,0,0),(759,2017,'199910082008122001',46,0,0),(760,2017,'199910082008122001',47,0,0),(761,2017,'199910082008122001',48,0,0),(762,2017,'199910082008122001',49,0,0),(763,2017,'199910082008122001',50,0,0),(764,2017,'199910082008122001',51,0,0),(765,2017,'199910082008122001',52,0,0),(766,2017,'199910082008122001',53,0,0),(767,2017,'199910082008122001',54,0,0),(768,2017,'199910082008122001',55,0,0),(769,2017,'199910082008122001',56,0,0),(770,2017,'199910082008122001',57,0,0);
/*!40000 ALTER TABLE `ak_lama_pegawai` ENABLE KEYS */;
UNLOCK TABLES;

--
-- Table structure for table `ci_sessions`
--

DROP TABLE IF EXISTS `ci_sessions`;
/*!40101 SET @saved_cs_client     = @@character_set_client */;
/*!40101 SET character_set_client = utf8 */;
CREATE TABLE `ci_sessions` (
  `id` varchar(128) NOT NULL,
  `ip_address` varchar(45) NOT NULL,
  `timestamp` int(10) unsigned NOT NULL DEFAULT '0',
  `data` blob NOT NULL,
  PRIMARY KEY (`id`,`ip_address`),
  KEY `ci_sessions_timestamp` (`timestamp`)
) ENGINE=MyISAM DEFAULT CHARSET=latin1;
/*!40101 SET character_set_client = @saved_cs_client */;

--
-- Dumping data for table `ci_sessions`
--

LOCK TABLES `ci_sessions` WRITE;
/*!40000 ALTER TABLE `ci_sessions` DISABLE KEYS */;
INSERT INTO `ci_sessions` VALUES ('ju7bgentng43n9vtvsded6oh2hsj38fa','::1',1592893554,'__ci_last_regenerate|i:1592892589;nip|N;nama_lengkap|N;nik|N;login|b:1;is_admin|i:1;'),('gtd3fmg86pslqe91po89pj0a445aisdm','::1',1592896756,'__ci_last_regenerate|i:1592895914;nip|s:18:\"198007212020031022\";nama_lengkap|s:3:\"dre\";nik|s:3:\"dre\";id_golongan|s:1:\"1\";id_tipefungsional|s:1:\"1\";golongan|s:5:\"III.b\";tipe_fungsional|s:11:\"Widyaiswara\";login|b:1;is_dupak|i:1;photo|s:0:\"\";last_login|s:19:\"2020-06-23 09:08:50\";'),('nqevlscg7k3713au58ck44nlgm2n5pst','::1',1594264285,'__ci_last_regenerate|i:1594264223;nip|s:18:\"198304172009121001\";nama_lengkap|s:16:\"NABILMANSYAH, ST\";nik|s:16:\"NABILMANSYAH, ST\";id_golongan|s:1:\"2\";id_tipefungsional|s:1:\"1\";golongan|s:5:\"III.c\";tipe_fungsional|s:11:\"Widyaiswara\";login|b:1;is_dupak|i:1;photo|s:29:\"198304172009121001-230620.png\";last_login|s:19:\"2020-07-09 05:11:06\";'),('g5uacoqni97j0qbtm1qnr48mkqqoevrv','182.253.118.14',1594268264,'__ci_last_regenerate|i:1594268264;nip|s:18:\"198304172009121001\";nama_lengkap|s:16:\"NABILMANSYAH, ST\";nik|s:16:\"NABILMANSYAH, ST\";id_golongan|s:1:\"2\";id_tipefungsional|s:1:\"1\";golongan|s:5:\"III.c\";tipe_fungsional|s:11:\"Widyaiswara\";login|b:1;is_dupak|i:1;photo|s:29:\"198304172009121001-230620.png\";last_login|s:19:\"2020-07-09 03:54:34\";'),('no7583edha20gpai7nlcios0eh4t777b','177.125.79.197',1594267898,'__ci_last_regenerate|i:1594267898;'),('oac7o8uffu4i3bov6obg4501p0m0mj90','180.178.109.58',1594274219,'__ci_last_regenerate|i:1594274219;'),('n1jai2flvaoiebnnht9sf1jhehivn0fs','195.54.160.135',1594274399,'__ci_last_regenerate|i:1594274399;'),('3jijefhqu81kbe222o37qlt1msu019q0','103.245.225.32',1594279395,'__ci_last_regenerate|i:1594279395;'),('14jcdso2c0636205glrb4hhdvnmkjpgd','182.253.118.14',1594268495,'__ci_last_regenerate|i:1594268495;'),('puj02um22dfj9b8uspsmg50nqq44oeig','185.39.11.105',1594269408,'__ci_last_regenerate|i:1594269408;'),('7edej8vhh6bscta71u4jpq1ui2qgr3t4','162.243.129.69',1594272566,'__ci_last_regenerate|i:1594272566;'),('jph60tmlckuq8c0sljkps4p97l8nqsn1','195.54.160.135',1594275199,'__ci_last_regenerate|i:1594275199;'),('ndpf44i435aas93fhuhvdrjue80b05fv','195.54.160.135',1594275200,'__ci_last_regenerate|i:1594275200;'),('uc7o85e9fj1jdni6a3icmaq7lm71nt33','195.54.160.135',1594275899,'__ci_last_regenerate|i:1594275899;'),('71hji8aj56kc76i1ghgto3u1ghb8lukc','195.54.160.135',1594275899,'__ci_last_regenerate|i:1594275899;'),('qrng4uur92eqcsi0gqrvap4k96lsdu6b','195.54.160.135',1594276163,'__ci_last_regenerate|i:1594276163;'),('88pn8d4de41g191s1p65b74q8ub8subg','195.54.160.135',1594276164,'__ci_last_regenerate|i:1594276164;'),('hipi55pfuqmup6bfq1868ltcdplfdmtp','190.94.140.223',1594276410,'__ci_last_regenerate|i:1594276410;'),('jgiotpq46p874c0d30k6lopfgll93o3i','80.82.70.140',1594276496,'__ci_last_regenerate|i:1594276496;'),('6idp9140ein9r6dccovqavtgrksbgpgh','93.123.53.204',1594277323,'__ci_last_regenerate|i:1594277323;'),('pr35srdhp33ob1cjhsllo42mjn0dc94g','41.57.124.36',1594277489,'__ci_last_regenerate|i:1594277489;'),('4cb80dri6hdk15gapeu2l1toaf7lm70t','43.252.136.27',1594278150,'__ci_last_regenerate|i:1594278150;'),('sfjo8e8ka87gkatsdp1gn778mn5dtd9j','103.245.225.22',1594278701,'__ci_last_regenerate|i:1594278701;'),('f6b9epnkkla36badaghheamirms7dtda','103.245.225.22',1594278701,'__ci_last_regenerate|i:1594278701;'),('mkh3mqodijdsrmb2vbeh7gj76tt9csiu','103.245.225.31',1594278854,'__ci_last_regenerate|i:1594278809;'),('c115b7k82cos4m7pjoln4pvslrltilmu','140.213.15.85',1594278854,'__ci_last_regenerate|i:1594278830;'),('rn2ege04rcf7fg8l8vl99986p4krmfcp','114.124.161.43',1594279205,'__ci_last_regenerate|i:1594279205;'),('ne8vdhgop5g1p6f5n91bj3bos35f964r','114.124.161.43',1594279205,'__ci_last_regenerate|i:1594279205;'),('le12gia0ut4l7juiv4fhco2o8o09et28','112.215.151.108',1594279353,'__ci_last_regenerate|i:1594279353;'),('cu3mq7ql33rgh7b7c3ni8nir8ror8h8t','112.215.151.108',1594280127,'__ci_last_regenerate|i:1594279354;'),('1db73pc43grl1jd28m01uoeo62agkftd','112.215.151.108',1594279363,'__ci_last_regenerate|i:1594279363;'),('4ci5cm8hiv3hgbh588cavudvddtnettv','112.215.151.108',1594279364,'__ci_last_regenerate|i:1594279364;'),('ra7hjr643peblfvmjovvspfh7dsqfpju','103.245.225.32',1594279395,'__ci_last_regenerate|i:1594279395;'),('i0tqpu35c33uqn12ncgurpqhaotl4b41','103.245.225.32',1594279395,'__ci_last_regenerate|i:1594279395;'),('9olnibqrsc70faungt8onmqu48fj38tt','185.106.145.98',1594280927,'__ci_last_regenerate|i:1594280927;'),('p0ruk8oo0trpb3v7qqgp5oddiooijgkq','43.252.136.27',1594282375,'__ci_last_regenerate|i:1594282375;'),('9jjj7sfbvv5754hpfiuuuoa1rcou69ie','114.124.228.75',1594283030,'__ci_last_regenerate|i:1594283030;'),('0s4nk6hur5m0o9547bf2b2mhp69v3961','114.124.229.106',1594283041,'__ci_last_regenerate|i:1594283030;'),('voet0onbd7k57vsb6qbojl1lnl5ai8rt','114.124.199.250',1594283055,'__ci_last_regenerate|i:1594283055;'),('i20h50p45sclu4h27uo5pkpat073rb46','114.124.199.250',1594283055,'__ci_last_regenerate|i:1594283055;'),('e8t956rnsaumnhcufo8l6tkquh5v0a3l','41.57.124.36',1594283116,'__ci_last_regenerate|i:1594283116;'),('csrpvr01l6pa89f4j9jjaiqk4jc5c51a','37.49.230.133',1594283448,'__ci_last_regenerate|i:1594283448;'),('urumq5gj2g7neumrtmuu9qgkhkdksln5','103.245.225.8',1594283565,'__ci_last_regenerate|i:1594283565;'),('vi7gbqk0ho26uruhlr0bkg2gre4qjlvg','103.245.225.8',1594283565,'__ci_last_regenerate|i:1594283565;'),('ivuu6pi9vd5j3gr3suprffofe0pils8e','43.252.136.27',1594284213,'__ci_last_regenerate|i:1594284213;'),('3685cp1m2l0q4gmtlth30sfk40tqdg30','41.57.124.36',1594284767,'__ci_last_regenerate|i:1594284767;'),('7pb9bjb3ttua0m115i5b47hl135chse3','195.54.160.135',1594289900,'__ci_last_regenerate|i:1594289900;'),('bcdj2v3otqd9k0inqtdcmqk4brg2fgt1','43.252.136.27',1594290970,'__ci_last_regenerate|i:1594290970;'),('etjdcj51f48ipe6cdl1ffhaee5bg3dod','89.40.73.231',1594299958,'__ci_last_regenerate|i:1594299958;'),('gvqevju9i5de2hdpnmoa8hco6rrhmmf7','83.97.20.29',1594300517,'__ci_last_regenerate|i:1594300517;'),('o6hbfdgf4d8qul16bojtuhcgcvfutnh5','114.124.212.234',1594301843,'__ci_last_regenerate|i:1594301843;'),('dnfn3efqkctrrere8pphsf60948kakeo','114.124.247.202',1594301844,'__ci_last_regenerate|i:1594301844;'),('4nsaooijnnm7r2dko9cnhmi0ffekdfeh','192.241.211.53',1594302041,'__ci_last_regenerate|i:1594302041;'),('lf8v3uf9jg8l3v1478lvq6he8mp7vtkn','185.39.11.105',1594304934,'__ci_last_regenerate|i:1594304934;'),('a44kps8188l4f5ib16f4d0hj2il9k2is','193.228.91.123',1594306629,'__ci_last_regenerate|i:1594306629;'),('ru1pmotq4c0vnsdq4npslq12jrphmbr1','89.188.111.18',1594307144,'__ci_last_regenerate|i:1594307144;'),('sge18ficbrupenf2duvvpm34ok0gls7u','140.213.9.178',1594309229,'__ci_last_regenerate|i:1594309229;'),('ame28f935q561g8hn1222dc98tde0aun','192.241.210.45',1594310541,'__ci_last_regenerate|i:1594310541;'),('vggepf8qh3p3komsk3v8cl67qp9t31bs','128.14.134.170',1594311769,'__ci_last_regenerate|i:1594311769;'),('7u51l1fii2mj29kmm17i5r0h7q3ggjdb','128.14.134.170',1594311769,'__ci_last_regenerate|i:1594311769;'),('gidb51ap756bn1bpnd1enaupuqfqade7','196.49.19.32',1594311888,'__ci_last_regenerate|i:1594311888;'),('32gs6dl88uutuupvrip5f37heiqbp6hk','80.82.70.140',1594312144,'__ci_last_regenerate|i:1594312144;'),('bv48ecek6i0jhq60ofo6bc5pc1gcv9o3','103.45.109.91',1594312608,'__ci_last_regenerate|i:1594312608;'),('mnk3kvvlnsltrei3s0eo0f9iimj945io','103.45.109.91',1594312609,'__ci_last_regenerate|i:1594312609;'),('ei69a5mkvuqo5ed82528dc842cduo5fl','103.45.109.91',1594312610,'__ci_last_regenerate|i:1594312610;'),('19j50km4qujknuflt9bcsp0cupaaiu0g','103.45.109.91',1594312611,'__ci_last_regenerate|i:1594312611;'),('77tnsmmtd75ojnffl5v9m7jfpp06m704','103.45.109.91',1594312612,'__ci_last_regenerate|i:1594312612;'),('6a0veuk4grl4bkn0lasdd4u15fsjh2ef','195.54.160.135',1594312993,'__ci_last_regenerate|i:1594312993;'),('dkjrgf08oefbbimsuub3cfo0s2uo7h0p','195.54.160.135',1594313005,'__ci_last_regenerate|i:1594313005;'),('7rbvqnmbsdc0vpvj6na0jr7avnrqm04a','195.54.160.135',1594313005,'__ci_last_regenerate|i:1594313005;'),('nqsu2491uhfruop623vlf0qt5r1uvlbc','195.54.160.135',1594313016,'__ci_last_regenerate|i:1594313016;'),('0tfheco87hkg3fnfu4ddfiikn0vi4q7b','195.54.160.135',1594313016,'__ci_last_regenerate|i:1594313016;'),('j88evh6ota4qj5fkc9m6ksmene3kdbhl','195.54.160.135',1594313021,'__ci_last_regenerate|i:1594313021;'),('mianb4ikdk6jdgn82nbo6ef1dkeojv3h','195.54.160.135',1594313021,'__ci_last_regenerate|i:1594313021;'),('k8s37u3epg9qa1o9tvnb14ci2lkrpuqv','195.54.160.135',1594313268,'__ci_last_regenerate|i:1594313268;'),('2plmteulupf7s1bq4ov15ssec1tqgl1i','195.54.160.135',1594313844,'__ci_last_regenerate|i:1594313844;'),('ub8l77duhcnqamuc691p3qvi2gd23n58','195.54.160.135',1594313965,'__ci_last_regenerate|i:1594313965;'),('224u9bc0ifm88f3be4qbav9qcv1nj791','34.78.211.173',1594316854,'__ci_last_regenerate|i:1594316854;'),('5h23o02flhjhb6ve5sa62bj9qk14pecl','196.49.19.32',1594319350,'__ci_last_regenerate|i:1594319350;'),('5jfnk4dssopi8smqjqig8gj5daqf979t','80.82.70.140',1594321349,'__ci_last_regenerate|i:1594321349;'),('bgk6i40qkdpucca75vg8m7lku9gedpsm','128.14.209.154',1594321453,'__ci_last_regenerate|i:1594321453;'),('4mar9accin5ks9js5m7rinpqc3efqra2','128.14.209.154',1594321454,'__ci_last_regenerate|i:1594321454;'),('7p89nh24f27kqm3089b0vpsfti2k1l13','128.14.209.154',1594321454,'__ci_last_regenerate|i:1594321454;'),('vnce28jklkcnqpud1n2hn0rohm0b6ef4','192.241.235.220',1594322542,'__ci_last_regenerate|i:1594322542;'),('a2tfda5uil8utmu557edgtotmkjl2tt1','202.40.179.186',1594324123,'__ci_last_regenerate|i:1594324123;'),('nngsi6km226jpd3175fu11o7hjpkfmke','87.229.232.242',1594324677,'__ci_last_regenerate|i:1594324677;'),('riakc18vmdvsoi9jg5dmbdbj4t1l8g3v','196.49.19.32',1594329128,'__ci_last_regenerate|i:1594329128;'),('20djoepo11fbdt3dgjloihpr98fsh0le','80.82.70.140',1594332831,'__ci_last_regenerate|i:1594332831;'),('p7jub9l6b8tfvlmf652amfgkk4ehe78s','103.87.78.122',1594334090,'__ci_last_regenerate|i:1594334090;'),('oi7u9j1s743dgroip25s5qvvntog1rr0','51.254.59.113',1594334671,'__ci_last_regenerate|i:1594334671;'),('q7pb9vtovnbhq8b4uvqem7fa3r66s8qs','51.254.59.113',1594334671,'__ci_last_regenerate|i:1594334671;'),('gv7u4crbrc0gfvh38tss9it1ugevveq6','47.89.192.12',1594335892,'__ci_last_regenerate|i:1594335892;'),('d0liv4nd3qqu0ph0v5vvmmmpi6u9b82s','196.49.19.32',1594335971,'__ci_last_regenerate|i:1594335971;'),('hptj5fcjvjc91dvf62v7bsh7kq4ulaov','191.100.10.47',1594336461,'__ci_last_regenerate|i:1594336461;'),('ti171vbivlplqv281dontgstjeem6k2s','161.97.81.64',1594338261,'__ci_last_regenerate|i:1594338261;'),('0ej7jhkfljtqsbbq3gc933ocvfdhetp1','77.244.42.45',1594339153,'__ci_last_regenerate|i:1594339153;'),('n20622r3p7b318q9603qstb4loqde8ae','95.168.176.132',1594341466,'__ci_last_regenerate|i:1594341466;'),('5btqs8dha7cnm6moc1o04p1gd2smpjlq','201.238.154.60',1594343012,'__ci_last_regenerate|i:1594343012;'),('0u0eucf2sq8fkat1u2lfl7k783jsmbuf','128.14.134.170',1594345292,'__ci_last_regenerate|i:1594345292;'),('41i3dplre163ehq2ha29qjcvv8844oak','128.14.134.170',1594345292,'__ci_last_regenerate|i:1594345292;'),('lmlp3lpcdb6reoesqcj9fpdumm5rohvh','37.49.224.168',1594350790,'__ci_last_regenerate|i:1594350790;'),('k1jdfmcukucov6ana01gb07kj9uk28nu','196.52.43.56',1594353056,'__ci_last_regenerate|i:1594353056;'),('q7t4sjplkpv6q0v8jgou3r8ptrurmgkp','103.136.31.2',1594353437,'__ci_last_regenerate|i:1594353385;'),('jiq2bl8mlu21fgj4lo4feusvev6h98nu','103.136.31.2',1594353437,'__ci_last_regenerate|i:1594353385;'),('ueqcp973k5i3t53jrqsdlpdh6ar227p9','201.220.148.156',1594353554,'__ci_last_regenerate|i:1594353554;'),('9bhfo07v6pv6jd2pau3kckacupqeemju','103.31.249.207',1594358977,'__ci_last_regenerate|i:1594358977;'),('024il8p61g0ge04h13sa7cgk1gljqc8p','27.111.32.162',1594360545,'__ci_last_regenerate|i:1594360315;'),('qdm35ittvrlu9cv45bfhg76gilpkj02n','27.111.32.162',1594367238,'__ci_last_regenerate|i:1594367238;'),('k2uoq3h0g48i0mq9kjg3h9akmru7pfvd','27.111.32.162',1594360330,'__ci_last_regenerate|i:1594360330;'),('vmf7c3qbcg0r23ki3jhteih4ai70b7uv','27.111.32.162',1594360330,'__ci_last_regenerate|i:1594360330;'),('h1bpd0pgvhprln2242nicp5qrim0v2cq','27.111.32.162',1594360368,'__ci_last_regenerate|i:1594360368;'),('pvjv8aok7s5k9rv90itoj6irk2vcgdgd','27.111.32.162',1594360368,'__ci_last_regenerate|i:1594360368;'),('dbvg3puurbi0pj8tqqf1sv4qf09bs6ot','182.253.118.14',1594360792,'__ci_last_regenerate|i:1594360792;'),('1jhfkqi2nfpsb61qquf30oeuev8pq9i4','27.111.32.162',1594360799,'__ci_last_regenerate|i:1594360799;'),('ds4vs4njuetka899eabd748kdt4q8tan','27.111.32.162',1594360932,'__ci_last_regenerate|i:1594360799;'),('s1667rakvp2skeur65i8fbk44ek29i8m','182.253.118.14',1594368871,'__ci_last_regenerate|i:1594368871;'),('mg5il00f2cf096jk8qg4nqkhd9cjo4rg','182.253.118.14',1594368872,'__ci_last_regenerate|i:1594368872;'),('9bh7qk2g8qmm9e5k8o12kjfd6p7hefog','182.253.118.14',1594360831,'__ci_last_regenerate|i:1594360831;'),('d0u2g3t717oq9v5jvnkj2t7bvlg5n4gm','182.253.118.14',1594360831,'__ci_last_regenerate|i:1594360831;'),('fr5ai49dstv06igi6tr5ve961ojtcc65','114.5.251.210',1594361226,'__ci_last_regenerate|i:1594361226;'),('i16qcisukfjogo0mhqqp69nckkpp4vnf','114.5.251.210',1594361226,'__ci_last_regenerate|i:1594361226;'),('lhfokflrhlc4k3j6ekv08s3mckgh7m8d','182.2.165.100',1594361285,'__ci_last_regenerate|i:1594361285;'),('j2oh7na426p74jg4uisl5ru7bcn2tcu8','182.2.165.100',1594361285,'__ci_last_regenerate|i:1594361285;'),('tn43ddqr1vp42dpqjfkb2th8he3gqn27','198.143.158.178',1594361483,'__ci_last_regenerate|i:1594361483;'),('h78r5okevf5ps80t0bi7kvlm7lc45ser','198.143.158.178',1594361483,'__ci_last_regenerate|i:1594361483;'),('ha84cgq9vkltl2u4a0lk5jhkd6l5im70','18.216.153.66',1594362701,'__ci_last_regenerate|i:1594362701;'),('84ab5r7tt8555042tqvn1elqf2pmenep','103.31.249.207',1594363198,'__ci_last_regenerate|i:1594363198;'),('h3tho3tgp72dp95lv21bs1fu4lvka2dq','27.111.32.162',1594364434,'__ci_last_regenerate|i:1594364183;'),('6sa04r000cnbbieedgqjhr7jgf75fora','27.111.32.162',1594367228,'__ci_last_regenerate|i:1594367228;nip|N;nama_lengkap|N;nik|N;login|b:1;is_admin|i:1;'),('gndtqa5ogkkasgfhk1o98jmra8om4jp8','27.111.32.162',1594367228,'__ci_last_regenerate|i:1594367228;nip|N;nama_lengkap|N;nik|N;login|b:1;is_admin|i:1;'),('652o0mltbc1t7perbg6me02ff4qbsrf3','27.111.32.162',1594367238,'__ci_last_regenerate|i:1594367238;'),('58pn3u8v8nsovhjr8ovc0j8h0daa4pst','103.10.66.70',1594368871,'__ci_last_regenerate|i:1594368871;'),('ljg4igdkrol10n4c64o0k9km2fjia4ig','103.10.66.70',1594368872,'__ci_last_regenerate|i:1594368872;'),('0nkbk6mc1qh0g8p3u158bog4r6rjfepq','162.243.128.16',1594370479,'__ci_last_regenerate|i:1594370479;'),('oug6ad97htkvarl279eo3mp5npnsfhi9','35.205.9.66',1594370891,'__ci_last_regenerate|i:1594370891;'),('g48epdfj7halvbkfagoq7djq769bil8a','35.205.9.66',1594370892,'__ci_last_regenerate|i:1594370892;'),('3eg6e81f0qo1sci5jaf7c0g6tcaaq4h5','185.39.11.105',1594372251,'__ci_last_regenerate|i:1594372251;'),('n3l37p62r22b9166pa1d3i4lf7cn66su','103.31.249.207',1594372397,'__ci_last_regenerate|i:1594372397;'),('esmjm04eujr0bsknilitii6asdro9bib','128.14.209.154',1594374052,'__ci_last_regenerate|i:1594374052;'),('jmq5doombmh5srdjhcqpbp1q8a5tt96g','128.14.209.154',1594374052,'__ci_last_regenerate|i:1594374052;'),('04fsvemb4kbmvifcaorm3ov6k3njgeni','128.14.209.154',1594374052,'__ci_last_regenerate|i:1594374052;'),('2g32u70vup20s8famajh85phulo5k10p','172.104.108.109',1594377301,'__ci_last_regenerate|i:1594377301;'),('28h8bfhnqn60r8gkmh9do20gk1i11mcc','27.111.32.162',1594380868,'__ci_last_regenerate|i:1594380855;'),('1bpl0vkakavpgmdll0atgh4ic5ik042g','196.49.19.32',1594381191,'__ci_last_regenerate|i:1594381191;'),('aka7g0s62qiqcflboq63dck9965s7bb3','18.216.153.66',1594382548,'__ci_last_regenerate|i:1594382548;'),('8blu3oddd87k8lr4310f728q7jmra5tm','49.89.103.35',1594466002,'__ci_last_regenerate|i:1594465979;'),('j15aot357e73cqqsorja3uphnn44rs6k','103.47.133.171',1594466526,'__ci_last_regenerate|i:1594466526;'),('jdm748t60mv2ms909lghtceooi631ba2','103.47.133.171',1594466526,'__ci_last_regenerate|i:1594466526;'),('3jj49qk3dfdb0tk77hka5sdsdclcg3ag','185.141.37.81',1594466833,'__ci_last_regenerate|i:1594466833;'),('pi4d7nv8ve4f5nj818u4emhnaedie5r5','196.49.19.32',1594466944,'__ci_last_regenerate|i:1594466944;'),('gpuh0b6gba38k9phh3gjjpknln4u8ld5','71.6.158.166',1594467504,'__ci_last_regenerate|i:1594467504;'),('9rl5qqpm5id94u4uka559spu61gqhm7m','71.6.158.166',1594467504,'__ci_last_regenerate|i:1594467504;'),('5484mmgn7469l1q1sg9mk22p3ck9c2e7','71.6.158.166',1594467505,'__ci_last_regenerate|i:1594467505;'),('kdi6puqr6ndbjo6q4lgiasu7501ch47a','71.6.158.166',1594467505,'__ci_last_regenerate|i:1594467505;'),('imjnur27oflp9ah0a5k2gpbctf09ml7j','180.103.172.193',1594469515,'__ci_last_regenerate|i:1594469495;'),('it2l9od5pl8ggauog31ueqqfnm233mtm','182.253.118.14',1594471403,'__ci_last_regenerate|i:1594471403;'),('7r4e1ijp00fsvdhnh5aa3fq14qj65l9p','182.253.118.14',1594471403,'__ci_last_regenerate|i:1594471403;'),('to4813ehk8vqbb7i74vm57br4vrcdvrl','95.70.172.221',1594471459,'__ci_last_regenerate|i:1594471459;'),('4ema5osvbjuj7f778grd80as716ffepa','45.95.168.134',1594474383,'__ci_last_regenerate|i:1594474383;'),('m1kqlf5hnfiik1b7uhfu9kg78nrfvd0k','182.253.118.14',1594474821,'__ci_last_regenerate|i:1594474821;'),('2j3p7dl9ab411mp7e7g6tcd5gnhmhga4','182.253.118.14',1594474821,'__ci_last_regenerate|i:1594474821;'),('m2vsp606ppiaefsc371bvgprtfm3s0t0','185.39.11.105',1594478185,'__ci_last_regenerate|i:1594478185;'),('dn3gucfk5fik8tmoguqdmfbl72hvlqas','196.49.19.32',1594482056,'__ci_last_regenerate|i:1594482056;'),('ipeqbuvljeej5jopt6kb49bhvbodvcju','196.49.19.32',1594482252,'__ci_last_regenerate|i:1594482252;'),('qjqauo2m208iaakmuvdkddd7libkd44q','13.66.172.109',1594484600,'__ci_last_regenerate|i:1594484600;'),('kophrifqls0ujfhcrrft03n3ksff3n4l','196.49.19.32',1594487124,'__ci_last_regenerate|i:1594487124;'),('8b5hfthm7kb2lpaninr8jp3q4om4rtgd','93.174.93.139',1594488142,'__ci_last_regenerate|i:1594488142;'),('0l5s2fei1ioaakrtur1os5ij9h7uc02j','207.244.92.5',1594488173,'__ci_last_regenerate|i:1594488173;'),('at88m0j8l3s56ei8gt4005pmokh3slag','196.49.19.32',1594491828,'__ci_last_regenerate|i:1594491828;'),('ndktq47hefu7s92p11r221sgrkpunjog','80.82.70.140',1594492765,'__ci_last_regenerate|i:1594492765;'),('j1q7ls8b5tgk9hhapohrnk8dborerstd','192.241.214.162',1594493107,'__ci_last_regenerate|i:1594493107;'),('rc9feh8r65qvm5tp2o22fs3h6ccb88k1','103.28.115.235',1594494016,'__ci_last_regenerate|i:1594494016;'),('strqik52ce52k9ln5l56jut7bnv5rtgc','185.173.35.21',1594495449,'__ci_last_regenerate|i:1594495449;'),('d8a7llgui46masbqjn74rg90efh9njgf','185.173.35.21',1594495449,'__ci_last_regenerate|i:1594495449;'),('psqjjdhgqd6rhvoaugcv8lru6ok3lc3a','80.82.65.213',1594496238,'__ci_last_regenerate|i:1594496238;'),('7p75f8h3te1rk970the6eqknhrpd5c7g','91.234.62.19',1594496912,'__ci_last_regenerate|i:1594496912;'),('v3ru5sqtdfhsg77u6t8kjfjqlcjhpoi0','196.49.19.32',1594497939,'__ci_last_regenerate|i:1594497939;'),('ackal6tof9i3nj2rvinij9pj11vjdc37','89.248.174.203',1594501627,'__ci_last_regenerate|i:1594501627;'),('9pbtvhqp2rri64073ki4t4ct87r70tgd','80.82.70.140',1594501786,'__ci_last_regenerate|i:1594501786;'),('7mecjeucqih60s0dgtadqusi53o8se81','192.241.211.196',1594504824,'__ci_last_regenerate|i:1594504824;'),('ehbiao3i1384pa7iag9paha33ie534ei','195.54.160.135',1594505379,'__ci_last_regenerate|i:1594505379;'),('q600h7uu2uu15n1i56cfpitjd2lo92c8','195.54.160.135',1594505754,'__ci_last_regenerate|i:1594505754;'),('smtpkhsl2j09ph1tdcs1df46hacd8jkk','195.54.160.135',1594505755,'__ci_last_regenerate|i:1594505755;'),('28fjkhu8gdq53a60frm1p0bl28sli4j4','195.54.160.135',1594506217,'__ci_last_regenerate|i:1594506217;'),('tbtvfhf4mpo8mtcti2dahseqv67rqt4b','195.54.160.135',1594506217,'__ci_last_regenerate|i:1594506217;'),('aki97v86vnott9k5s23dd3cdrnd3ib5d','195.54.160.135',1594506336,'__ci_last_regenerate|i:1594506336;'),('esit3qncg2r0osa00vadtejip64u2c1e','195.54.160.135',1594506337,'__ci_last_regenerate|i:1594506337;'),('nq5nii3ovieb81utlhnpto74hkiq918e','196.49.19.32',1594507406,'__ci_last_regenerate|i:1594507406;'),('hgtgh6dho5i2a7b9hemfqhjutc2rac70','103.28.115.235',1594508881,'__ci_last_regenerate|i:1594508881;'),('6u66h65h2qdhsh1sj22n7ltd9kmnupkv','196.49.19.32',1594509348,'__ci_last_regenerate|i:1594509348;'),('drh82educg9hii4b7vf20spb8hdg2p41','80.82.70.140',1594512433,'__ci_last_regenerate|i:1594512433;'),('aj48coftbvi2i5180of1akl8m92uaq2l','195.54.160.135',1594513796,'__ci_last_regenerate|i:1594513796;'),('bqa8v24e9a67svkkoi2gljpgldkhc5ca','196.49.19.32',1594517170,'__ci_last_regenerate|i:1594517170;'),('hghjhebp53e6d2a505soglv6famtuoum','191.100.10.237',1594517613,'__ci_last_regenerate|i:1594517613;'),('ieo2mmga8vi2nj8isdr9868hevtnllnj','192.169.84.177',1594518572,'__ci_last_regenerate|i:1594518572;'),('umqctu739qng23v89dp1b9pk04kikphs','89.40.73.226',1594520245,'__ci_last_regenerate|i:1594520245;'),('7n1vigaj7ht8hcjku1b8vbnrqsgk1dqk','196.49.19.32',1594522475,'__ci_last_regenerate|i:1594522475;'),('ms02fvdn997n2jo77329iiuhr7pkfs96','85.105.56.15',1594523663,'__ci_last_regenerate|i:1594523663;'),('jtaq0paeu2ishij3chqi7qvtrpsom3gd','45.95.168.134',1594524142,'__ci_last_regenerate|i:1594524142;'),('9s8or3qli25hv3rf8nficmu9urs6bgls','196.49.19.32',1594525492,'__ci_last_regenerate|i:1594525492;'),('hf191drc4n741kemm4uucnua41ahacjk','80.82.70.140',1594526683,'__ci_last_regenerate|i:1594526683;'),('4jkjv9dtuscagdjsgakvsbafpe0q8141','47.101.137.226',1594527899,'__ci_last_regenerate|i:1594527899;'),('e2v2t5ainkgmgm6un6au77ijnk40cnfd','47.101.137.226',1594527902,'__ci_last_regenerate|i:1594527902;'),('cho64e9nuf0bpcjltrgdmg7nq56gqq7i','101.95.184.210',1594529408,'__ci_last_regenerate|i:1594529408;'),('3bg0ph96gpc82k66fmslkcf527qofvd8','83.97.20.29',1594530473,'__ci_last_regenerate|i:1594530473;'),('8l9fvjq8ebr3iir7qp347hn0r8a57lcb','196.49.19.32',1594531974,'__ci_last_regenerate|i:1594531974;'),('3m2b5ee76aue7n2rgusviaqd76c8u97q','200.53.20.121',1594532131,'__ci_last_regenerate|i:1594532131;'),('d72kobg7tf5nmsjolr0ad3avf2d2g743','195.54.160.135',1594532251,'__ci_last_regenerate|i:1594532251;'),('jbhet0bkqkes3fnu0r7k1akr9gs7lstg','185.39.11.105',1594534572,'__ci_last_regenerate|i:1594534572;'),('ilt31garifrj762f4intrubp12c8fac9','195.54.160.135',1594535835,'__ci_last_regenerate|i:1594535835;'),('2v4ubl8a3ubr5iki78c6v368chvnmgrp','173.248.170.54',1594536952,'__ci_last_regenerate|i:1594536952;'),('sr2ininpn210b91ect3scbjlrdrqrdsp','173.248.170.54',1594536955,'__ci_last_regenerate|i:1594536955;'),('brpanesef8p49l1lfco3itmau8cn2mhu','190.73.115.192',1594538008,'__ci_last_regenerate|i:1594538008;'),('9unikp34c2h9v12i1d8j45sdefotu1ee','196.49.19.32',1594539320,'__ci_last_regenerate|i:1594539320;'),('cl3mtko8q92urbcrchfetmjosd6vnoi9','103.11.133.6',1594543669,'__ci_last_regenerate|i:1594543669;'),('msqfark86oitcbrtkcsrijhb7uq45fjf','89.40.73.212',1594544856,'__ci_last_regenerate|i:1594544856;'),('l5tumvqfmc89ev2hl31v40rnmg099s5t','103.28.115.235',1594545117,'__ci_last_regenerate|i:1594545117;'),('guvuj6ejb0f8mt5dq9gu3gs0c6j8sppb','196.49.19.32',1594545547,'__ci_last_regenerate|i:1594545547;'),('pv77c4vlcp4fghc2770a1ntl7drgtt0j','103.52.61.77',1594546340,'__ci_last_regenerate|i:1594546340;'),('2mfdbolj5apg4v820afqkg8adhqvaa20','123.206.183.186',1594547456,'__ci_last_regenerate|i:1594547456;'),('lqrnqtucibmm8a523gap09brd4jgdagl','123.206.183.186',1594547459,'__ci_last_regenerate|i:1594547459;'),('cv93cpea5ua6ck05t93jm6sf3eojgi5l','123.206.183.186',1594547460,'__ci_last_regenerate|i:1594547460;'),('3tb5r7lltcajsjajvok4n67qtnjp3mhs','123.206.183.186',1594547461,'__ci_last_regenerate|i:1594547461;'),('pnkmkcr4uu0121g6ierqel4e5g9fcqlf','123.206.183.186',1594547461,'__ci_last_regenerate|i:1594547461;'),('d7q2n90mn5b8qs132vejrcdbsdjkpnkh','196.49.19.32',1594548189,'__ci_last_regenerate|i:1594548189;'),('7rb5p5lkq0j309jm6skit8ac4etbj9u8','95.213.189.186',1594548487,'__ci_last_regenerate|i:1594548487;'),('offvlanuolk63oh3u01redu0lejvio9n','95.213.189.186',1594548487,'__ci_last_regenerate|i:1594548487;'),('jgkidgg25tnj2pod1po4lh02cub8lkbh','61.9.48.42',1594551617,'__ci_last_regenerate|i:1594551617;'),('e4rb8gn61igadqqg70hqpmfg49qvoaa8','183.136.225.44',1594551620,'__ci_last_regenerate|i:1594551620;'),('cheog39lvdsi8e88qhb4qr2944omh9h3','183.136.225.44',1594551622,'__ci_last_regenerate|i:1594551622;'),('t14flrtub5ieaduse189vgdfe9gtc1s3','103.52.61.77',1594552310,'__ci_last_regenerate|i:1594552310;'),('bboigblqmictbh0r69ue5ngcsvuluri7','5.32.36.218',1594553670,'__ci_last_regenerate|i:1594553670;'),('min1e225l2j08gu7ltc0ldvkmtfr6a70','192.241.236.64',1594555203,'__ci_last_regenerate|i:1594555203;'),('6b2143r1lirane4rp1d32bmope5sq65l','103.52.61.77',1594560090,'__ci_last_regenerate|i:1594560090;'),('frfg9kn5io238h2o6s9gdnm80dl1sv9i','93.174.93.139',1594561192,'__ci_last_regenerate|i:1594561192;'),('qh13ha85vt34ikhs8s6igouqpe0s31mm','103.52.61.77',1594562429,'__ci_last_regenerate|i:1594562429;'),('rhdic519jjjcnlheong5soocqfngac7g','195.54.160.21',1594568177,'__ci_last_regenerate|i:1594568177;'),('f521o93k79nnephu9sc55m9cfhla3p3l','195.54.160.21',1594568193,'__ci_last_regenerate|i:1594568193;'),('uhdqqf2hgm8jckvi52qe5g48rc1u280t','195.54.160.21',1594568193,'__ci_last_regenerate|i:1594568193;'),('s4r0naopdgb7laih6blqfn78q6u3gabc','195.54.160.21',1594568211,'__ci_last_regenerate|i:1594568211;'),('lk23f9crdian14gptlr93o0jjqq1m248','195.54.160.21',1594568212,'__ci_last_regenerate|i:1594568212;'),('qnegjvd024h2bpciv8dc4ri3spe9gqqa','195.54.160.21',1594568216,'__ci_last_regenerate|i:1594568216;'),('t8h7c7m7knh09l3jfr7nhkom4q2gjpl8','195.54.160.21',1594568216,'__ci_last_regenerate|i:1594568216;'),('j5nutul7dvikfqo37jropdcer06j1nsm','195.54.160.21',1594568622,'__ci_last_regenerate|i:1594568622;'),('l8uoikc6rm016j1errp2qmo1cmpch7c0','195.54.160.21',1594569620,'__ci_last_regenerate|i:1594569620;'),('2r4a3phrlr2jae3d0fpug6rv4j21b080','195.54.160.21',1594569750,'__ci_last_regenerate|i:1594569750;'),('4202ai1864ohapnfvbck3e07q20qqm6j','195.54.160.21',1594572943,'__ci_last_regenerate|i:1594572943;'),('4a7udgdrp8pqvvj23gt0fc5j5mm1ruti','195.54.160.21',1594572943,'__ci_last_regenerate|i:1594572943;'),('4i495rme6bf2e0or4plpkbnov2p71s6h','197.189.230.26',1594574519,'__ci_last_regenerate|i:1594574519;'),('g5jku9jm0qqianrcot77g2890kcjv3fh','196.40.112.7',1594574800,'__ci_last_regenerate|i:1594574800;'),('nlblmhdu8ho2997hdidm5mkc3f1l6cfo','177.128.95.237',1594575300,'__ci_last_regenerate|i:1594575300;'),('6br899iecomak85e8du5r4agn2cve251','196.49.19.32',1594575768,'__ci_last_regenerate|i:1594575768;'),('gthfknjh6g1q3hfvb1hd8l8676d9spli','197.189.230.26',1594577394,'__ci_last_regenerate|i:1594577394;'),('9vbs9ji3g862v5ut4caoe49tnvuopv3u','196.49.19.32',1594577497,'__ci_last_regenerate|i:1594577497;'),('vrc4lrpmbiop53hphrucmu3sosdeuk3t','193.37.255.114',1594577742,'__ci_last_regenerate|i:1594577742;'),('mvh7ffm3ei9kkurq6ihvfko9jmevsc4h','193.37.255.114',1594577742,'__ci_last_regenerate|i:1594577742;'),('r22u8042st9t2l7ee5j36viiofrohoga','193.37.255.114',1594577742,'__ci_last_regenerate|i:1594577742;'),('qi01f5fg9klmefmd202vf1haed2qfder','193.37.255.114',1594577743,'__ci_last_regenerate|i:1594577743;'),('h7vbtuujjsrt4nb1q0qtm282e8qoen1g','103.28.115.235',1594578185,'__ci_last_regenerate|i:1594578185;'),('lmivff1nhnk4prjvc8m9apkhp9194l55','45.137.67.235',1594581367,'__ci_last_regenerate|i:1594581367;'),('mr7jr2knc7goublnbr7k6hk7batrt81a','81.91.177.138',1594589691,'__ci_last_regenerate|i:1594589691;'),('ci56dc7qu0e5rlpudrsdsq4lf5uj3oa5','103.28.115.235',1594591154,'__ci_last_regenerate|i:1594591154;'),('75bubp7llafue59nimedhnm23qhgs7qm','196.49.19.32',1594593461,'__ci_last_regenerate|i:1594593461;'),('st95148rshjg04lchm5am8kv0q1luftv','176.218.244.130',1594594081,'__ci_last_regenerate|i:1594594081;'),('kviu9tcee11squ66lj3aajtlr7mue279','196.49.19.32',1594594728,'__ci_last_regenerate|i:1594594728;'),('cvcqe48noasqrp8nh35u1g2j4n73iopn','196.49.19.32',1594597665,'__ci_last_regenerate|i:1594597665;'),('5qqploj4s6qmlt9m4ucpfihqqe8q53n3','196.49.19.32',1594598934,'__ci_last_regenerate|i:1594598934;'),('dsocr78btpk8p0tqifo24bk3ebv9ubhb','185.100.87.249',1594606558,'__ci_last_regenerate|i:1594606558;'),('lf4gb33co6sds2nfun30ne5cse5qitjk','185.100.87.249',1594606675,'__ci_last_regenerate|i:1594606675;'),('npslc1a5a07rs0fbn69dkuef5esm86p2','185.100.87.249',1594606675,'__ci_last_regenerate|i:1594606675;'),('dkft596c7mmbbpfg8mdo5ge2k57iq6fv','185.100.87.249',1594606676,'__ci_last_regenerate|i:1594606676;'),('e2vhejo2r0gmmtkbkr2cklaf4c2l41ia','185.100.87.249',1594606678,'__ci_last_regenerate|i:1594606678;'),('v5i18lmi52mqhgfse5du6pf4s86nipm7','185.100.87.249',1594606678,'__ci_last_regenerate|i:1594606678;'),('jt1nghj755v41biciec5puas2t134i06','185.100.87.249',1594606678,'__ci_last_regenerate|i:1594606678;'),('ftrvf90ftujqbg4b2so6l3ieg1mijk68','185.100.87.249',1594606678,'__ci_last_regenerate|i:1594606678;'),('75jm6pf26vj66f03erp4ehr8oslqfi59','185.100.87.249',1594606679,'__ci_last_regenerate|i:1594606679;'),('grtpav9mhi4a1jn46obn2p4o7ek5vq9q','198.199.94.238',1594607638,'__ci_last_regenerate|i:1594607638;'),('v752kp84gmgaubv73uduoci2o7bob67m','64.233.172.9',1594610011,'__ci_last_regenerate|i:1594610011;'),('jp39gunkehh15j0h9jq4j0vp1unfltfm','27.111.32.162',1594621419,'__ci_last_regenerate|i:1594621419;nip|N;nama_lengkap|N;nik|N;login|b:1;is_admin|i:1;'),('r2e6m15mnd864t6dep06nsk3jv7adjv0','162.243.129.71',1594614633,'__ci_last_regenerate|i:1594614633;'),('ivgtpv54l931af97mnssdud7ik7o4qgf','5.235.241.34',1594616090,'__ci_last_regenerate|i:1594616090;'),('ir1kp8n8r38cksb6numiog720bjceagc','94.240.35.18',1594619158,'__ci_last_regenerate|i:1594619158;'),('tiqirg9e1evqk33rbebqa239fgbkommq','164.68.112.178',1594620728,'__ci_last_regenerate|i:1594620728;'),('b5emutmmrku5aujpmcjbb4gul96rgq61','27.111.32.162',1594628584,'__ci_last_regenerate|i:1594628584;nip|N;nama_lengkap|N;nik|N;login|b:1;is_admin|i:1;'),('re2dgvl57sffb2oembej2o6q7gnht385','41.60.238.209',1594622429,'__ci_last_regenerate|i:1594622429;'),('6bbhgolv97e3estgp1d2rkhrjsh4uj5o','192.241.237.68',1594624423,'__ci_last_regenerate|i:1594624423;'),('rrcsb2b6e9ejphlp72cvvlvvlr6badk0','195.54.160.21',1594624953,'__ci_last_regenerate|i:1594624953;'),('llcekeltdst64gdvqks14anhj3hom1u5','195.54.160.21',1594625136,'__ci_last_regenerate|i:1594625136;'),('gjk2pgcb8j445bjtj92md4kmjr4p80l7','195.54.160.21',1594625137,'__ci_last_regenerate|i:1594625137;'),('f9h4beli9pa8pbefk4rjnjlm2lup580a','195.54.160.21',1594625376,'__ci_last_regenerate|i:1594625376;'),('so85v6irl1ov9nur3tpurebm2jl50upb','195.54.160.21',1594625376,'__ci_last_regenerate|i:1594625376;'),('5p47luo8stu2quf3fq8s3e24suigiabj','195.54.160.21',1594625403,'__ci_last_regenerate|i:1594625403;'),('vc1dghdfs0rmv7112niv9k7egdh1bbij','195.54.160.21',1594625403,'__ci_last_regenerate|i:1594625403;'),('e92okh6lvc3rdr4dvlinni99k0cacq8s','27.111.32.162',1594632867,'__ci_last_regenerate|i:1594632867;'),('08f3086mr7pj5l61tto78f3k4hdnr0iq','5.182.210.205',1594631716,'__ci_last_regenerate|i:1594631716;'),('c27h9fjti32a6p7urbfonn1b28gcjipa','119.29.103.143',1594631772,'__ci_last_regenerate|i:1594631772;'),('uu2mae253sdl6414s8vsqfbh1g4gc16v','196.49.19.32',1594632190,'__ci_last_regenerate|i:1594632190;'),('3656fcjmfpr137418je3fc48c0n4emks','200.46.45.114',1594632816,'__ci_last_regenerate|i:1594632816;'),('3rfpnjgld0kgfdujbrtgdumpsbhe3qem','27.111.32.162',1594632946,'__ci_last_regenerate|i:1594632867;nip|N;nama_lengkap|N;nik|N;login|b:1;is_admin|i:1;'),('i14hrn2ljeo2spp5b4c1kermjf08cvgc','139.255.24.250',1594633468,'__ci_last_regenerate|i:1594633468;'),('ied3m02t6qia6mmsbmjs69sl74f87hi9','196.49.19.32',1594633643,'__ci_last_regenerate|i:1594633643;'),('1v5f1ln55lv4u5jg4t9ki63l12j9n0hl','190.128.154.222',1594635085,'__ci_last_regenerate|i:1594635085;'),('928t0mpv9ddkg5rh240fto74aj5bov5g','190.128.154.222',1594635085,'__ci_last_regenerate|i:1594635085;'),('jtbusdq3rlt85sil2ko5mdop96ohpqhb','46.191.233.15',1594636500,'__ci_last_regenerate|i:1594636500;'),('64sehjuq54sj3nqcuqdv71kvkohed7g2','103.28.115.235',1594638673,'__ci_last_regenerate|i:1594638673;'),('m9fagvv3hpp43hq9tai1vg9o99i3m1ps','93.174.93.139',1594639497,'__ci_last_regenerate|i:1594639497;'),('8mrmv7grblv9frv6nfceufh2v2pklg4g','83.97.20.29',1594640225,'__ci_last_regenerate|i:1594640225;'),('131ntdlt3vsm6591ebvrdl7pe84out5r','89.40.73.210',1594642799,'__ci_last_regenerate|i:1594642799;'),('tcktppjbd5s4l2hrb3ce4dablj7bogdp','128.14.209.226',1594645080,'__ci_last_regenerate|i:1594645080;'),('18gof7ihidqdlkt468ln9cj8pnokc1c6','128.14.209.226',1594645080,'__ci_last_regenerate|i:1594645080;'),('6p2dh7eg2daagkocdvogh4rmldoi3hk0','192.241.236.156',1594648102,'__ci_last_regenerate|i:1594648102;'),('7et3n8kcb22tkuur08tugqnuvnbhj4jb','82.223.14.245',1594650098,'__ci_last_regenerate|i:1594650098;'),('sje4sa0e339ktrtssdiafmo3nh56n0pq','180.123.250.82',1594650847,'__ci_last_regenerate|i:1594650847;'),('pmgi1hc8o028l2a81g8r3m0mej0f40dr','114.233.64.82',1594650931,'__ci_last_regenerate|i:1594650931;'),('fiij4hc5lnlqfu9dtlqsv53gsbor1003','161.97.81.64',1594658293,'__ci_last_regenerate|i:1594658293;'),('v96ueca967itk1gofamd8femq6rqs07q','196.49.19.32',1594658764,'__ci_last_regenerate|i:1594658764;'),('qgho30cjjnuaqdnif732n95kdv6fa9q4','196.49.19.32',1594660483,'__ci_last_regenerate|i:1594660483;'),('nomciu54e88n2dds6f3g9gbuajuhu1af','112.49.52.58',1594660729,'__ci_last_regenerate|i:1594660729;'),('iq73rl6eb8b0917g8ngo1iftgbme8fk0','115.231.218.252',1594663335,'__ci_last_regenerate|i:1594663335;'),('re9ggc1r12f4bghtk0176a3m5d5hskjr','94.20.64.42',1594665006,'__ci_last_regenerate|i:1594665006;'),('55nq26v3t4rbgnfjvbbg28up8jpdk8l8','51.38.57.199',1594665458,'__ci_last_regenerate|i:1594665458;'),('acet41m1mqv6v6u70mp4kom1ej8rlt1q','3.101.62.158',1594666574,'__ci_last_regenerate|i:1594666574;'),('419v8bpql6e3hnj2eldd1h755fst6cpv','103.28.115.235',1594667431,'__ci_last_regenerate|i:1594667431;'),('3fbk0f4tufq8qenkfkn6dilhlpp22bgd','112.49.52.58',1594668032,'__ci_last_regenerate|i:1594668032;'),('p6a4nbgjf3ofh3ffjpb351ru60hs07lb','172.104.108.109',1594674939,'__ci_last_regenerate|i:1594674939;'),('njafhjs3plbdjm3aclnhov7r998jenig','112.49.52.58',1594676625,'__ci_last_regenerate|i:1594676625;'),('v2sog6qhcrade1f8kipse72m1fs00klc','196.49.19.32',1594676889,'__ci_last_regenerate|i:1594676889;'),('hidqf4ivqe0v1r0csn9p8mq0uroc9c8l','128.201.53.215',1594677740,'__ci_last_regenerate|i:1594677740;'),('88p8v1reuuju8mhd4ub9e1pnjkpcho27','196.49.19.32',1594678105,'__ci_last_regenerate|i:1594678105;'),('4kc54a2kk03m31096a6j1a65m973il93','93.174.93.139',1594684381,'__ci_last_regenerate|i:1594684381;'),('bkluqpabqfiorfepa6195tgk5i6h2p5m','103.28.115.235',1594685573,'__ci_last_regenerate|i:1594685573;'),('6n6h4tmp6jejjjrd8637593lu7f3motp','139.162.119.197',1594686578,'__ci_last_regenerate|i:1594686578;'),('6d2bf1mfi5r5gp5ppuer1clpokoj1br9','195.54.160.21',1594688829,'__ci_last_regenerate|i:1594688829;'),('9g9m1qennk56ku9lvtn8dk9rte3m1oe3','195.54.160.21',1594689063,'__ci_last_regenerate|i:1594689063;'),('4f21i82ij33dcaeuail1edh3a3e5civa','195.54.160.21',1594689064,'__ci_last_regenerate|i:1594689064;'),('t8qtbkrpd54dnnsqrkh2qgqdbrqjrqm0','195.54.160.21',1594689393,'__ci_last_regenerate|i:1594689393;'),('i7v75mp6t1j583aa30ee926treinfi5g','195.54.160.21',1594689393,'__ci_last_regenerate|i:1594689393;'),('glchkqpeb9hn81kc5kerat3ah6cbb0t4','195.54.160.21',1594689555,'__ci_last_regenerate|i:1594689555;'),('sluik9fngjsf9o7apb2rk47a8lqjjp12','195.54.160.21',1594689555,'__ci_last_regenerate|i:1594689555;'),('feru9vk9m81bcftjr5p6sn6u2ujohcr2','195.54.160.21',1594694933,'__ci_last_regenerate|i:1594694933;'),('i09k9fugf10808mjk2e88ht86rvbasg5','73.38.193.136',1594695738,'__ci_last_regenerate|i:1594695738;'),('rjskvuick0o1h62onq9q933ggbhi3sra','93.174.93.139',1594697095,'__ci_last_regenerate|i:1594697095;'),('uda9v7qfq8vnp7b9ig2bkftvrpruc57p','5.182.210.205',1594697161,'__ci_last_regenerate|i:1594697160;'),('8p39sgn7bmtpt0o1dc9pr5ueqmq790tl','115.231.218.252',1594698645,'__ci_last_regenerate|i:1594698645;'),('02hi2nkbcl351n566l4nhd4l93jl69nd','162.243.128.147',1594699844,'__ci_last_regenerate|i:1594699844;'),('ffl2romlh9k1jm0nk0cb2s8f5kg1i66e','103.28.115.235',1594700861,'__ci_last_regenerate|i:1594700861;'),('o8rg5uk3v6nadhfonj164cc3md1d5sf2','114.79.0.34',1594701363,'__ci_last_regenerate|i:1594701363;'),('uvmbbu4cgud6rb9ncae51fajfo6fb1ac','168.235.205.131',1594701364,'__ci_last_regenerate|i:1594701364;'),('9hu5tsj3tuf1pl5eitnbdiq755ou3osj','185.216.140.6',1594701398,'__ci_last_regenerate|i:1594701398;'),('5phkm1bnkaaonrp50mqfr22n3usakm2g','196.49.19.32',1594702512,'__ci_last_regenerate|i:1594702512;'),('ob5o1n01aocoth6afera50i32r40hch4','169.255.5.214',1594703222,'__ci_last_regenerate|i:1594703222;'),('o24mmlacbpq416sqfau6rh04an9mc6rs','196.49.19.32',1594704385,'__ci_last_regenerate|i:1594704385;'),('79b0g64fnose6hhor48j5f3gnd2jf575','195.54.160.21',1594708617,'__ci_last_regenerate|i:1594708617;'),('13e3uvugskv5honlnu6ikjb3dcr4npp3','85.221.220.206',1594710359,'__ci_last_regenerate|i:1594710359;'),('t1fdts0ka0l3sk8nn62qddqknvj6djip','195.54.160.21',1594711104,'__ci_last_regenerate|i:1594711104;'),('dt2stlpjss5pb7151gaqq5nli594do9o','27.111.32.162',1594711447,'__ci_last_regenerate|i:1594711447;'),('dr0ep0i5bnvd09ek4jpmukltq9m7s6je','192.241.210.45',1594712140,'__ci_last_regenerate|i:1594712140;'),('bnuf8iogh9fiojb9idpj1olj43jn8okr','192.35.168.217',1594718672,'__ci_last_regenerate|i:1594718672;'),('ltfl4p7am61esd86q4r2245m91ortled','192.35.168.217',1594718672,'__ci_last_regenerate|i:1594718672;'),('r46u6e6us644g8584hqku2bl3nnu8g9q','192.35.168.217',1594718673,'__ci_last_regenerate|i:1594718673;'),('sb564s9s471cqoki6n53rg275k39vcj8','193.118.55.146',1594720171,'__ci_last_regenerate|i:1594720171;'),('c05lcocmjk1oh24k5oo8ljpjr27auo1j','193.118.55.146',1594720171,'__ci_last_regenerate|i:1594720171;'),('qrd80oqt1vcp9sjd3svvrc16gmdii5rt','185.172.111.235',1594720238,'__ci_last_regenerate|i:1594720238;'),('i54nj2rsg0df6bvuicsp5qg0q3amg9qp','193.118.53.210',1594720395,'__ci_last_regenerate|i:1594720395;'),('e0nbrv14h2tt95s6e1lhlon9a0p6iphn','193.118.53.210',1594720395,'__ci_last_regenerate|i:1594720395;'),('619sm0srclv8hnmfvvf9jfv6ataslj9j','196.49.19.32',1594722176,'__ci_last_regenerate|i:1594722176;'),('9k1ptc9i7l1m51nn03a5eehlipmq9aov','223.243.184.5',1594722505,'__ci_last_regenerate|i:1594722505;'),('jsio8j18rm12dkjfcmlc8jur5mtg2kpa','181.114.138.18',1594723388,'__ci_last_regenerate|i:1594723388;'),('0oh6e16mrubuapbkb92li5mrjnsj5tqf','93.174.93.139',1594723443,'__ci_last_regenerate|i:1594723443;'),('u7i4eerohi1hqfh21vjhf7fl617tnleo','196.49.19.32',1594723824,'__ci_last_regenerate|i:1594723824;'),('vki77qo8ikv68sea6lhvkj8u7kp95b1o','160.238.237.44',1594724184,'__ci_last_regenerate|i:1594724184;'),('6se2d2uqnl0c9j02pg4k6b9br3fq9ecd','106.12.194.97',1594726696,'__ci_last_regenerate|i:1594726696;'),('dros4625lb0de2eq0820ls986cmdjprm','106.12.194.97',1594726697,'__ci_last_regenerate|i:1594726697;'),('lu0nlbebdr33pn2bs6t3rontrovpl3jf','106.12.194.97',1594726698,'__ci_last_regenerate|i:1594726698;'),('lhdvt393m5nsf1go09gagu322kv1be70','106.12.194.97',1594726698,'__ci_last_regenerate|i:1594726698;'),('hcgopikcn3fg1c9mpjd54koocjbu43ue','106.12.194.97',1594726699,'__ci_last_regenerate|i:1594726699;'),('674tgh3svga3j3emcgsjah6l22d17n6s','196.49.19.32',1594731676,'__ci_last_regenerate|i:1594731676;'),('ajn96j44cu0se3ng1kjqshbkcu60fmjo','89.40.73.220',1594731774,'__ci_last_regenerate|i:1594731774;'),('ah5504b97lgf3917ec8s2f9p4sv808bk','5.188.210.101',1594733276,'__ci_last_regenerate|i:1594733276;'),('j16toguanf735ir394h8r9p3jh1i22mi','196.49.19.32',1594733298,'__ci_last_regenerate|i:1594733298;'),('4h214shs12008evmal2kqe90admn3e0s','178.73.215.171',1594735516,'__ci_last_regenerate|i:1594735516;'),('oqjg2rjbjc3tep0oj3h5f93k7056o00g','162.243.128.227',1594735858,'__ci_last_regenerate|i:1594735858;'),('vqva2gpttj5isk4nar10tfl7q344kbj9','185.27.72.131',1594735977,'__ci_last_regenerate|i:1594735977;'),('dfsc6keb3p39kr6pfuf4h1lql7nhjv5t','195.54.160.21',1594736065,'__ci_last_regenerate|i:1594736065;'),('gps4uu61l1ustj7vgs1jkd1m7jq178so','195.54.160.21',1594736336,'__ci_last_regenerate|i:1594736336;'),('52l2mqm5q76f731e08jquimnfn5tp3hd','195.54.160.21',1594736337,'__ci_last_regenerate|i:1594736337;'),('b0uhhc0rqnvpu5pi9vmufrf780sv9hc6','196.49.19.32',1594736632,'__ci_last_regenerate|i:1594736632;'),('2m3ht5i1ko3kbiib2uioeauhhn66slpb','195.54.160.21',1594736766,'__ci_last_regenerate|i:1594736766;'),('bj25lj7qc9pvm1oqh3mdrbl7ma5bpns5','195.54.160.21',1594736767,'__ci_last_regenerate|i:1594736767;'),('8n695inqu72brh0cjllo3da3dj6epc3n','195.54.160.21',1594736882,'__ci_last_regenerate|i:1594736882;'),('da1tudeve8fp13j1fvmnccp1m9l21h4f','195.54.160.21',1594736883,'__ci_last_regenerate|i:1594736883;'),('t4ta7prd04el3jruh0qkr4l6qhuuvvln','196.49.19.32',1594738027,'__ci_last_regenerate|i:1594738027;'),('g9dbkav8abci2144gje1mhegjg8s0c5o','182.253.118.89',1594739202,'__ci_last_regenerate|i:1594739202;'),('q88k74bis9gsk4nmo22e48gnnl5mansb','182.253.118.89',1594738658,'__ci_last_regenerate|i:1594738658;'),('toul3ntfgp856pcu2etudv5dvp4f5mep','182.253.118.89',1594738660,'__ci_last_regenerate|i:1594738660;'),('skbniqbggopu7i7fac4timhgk77db396','182.253.118.89',1594738756,'__ci_last_regenerate|i:1594738756;'),('91olbql6evu0dav9sfvkad3gf24debb1','182.253.118.89',1594738757,'__ci_last_regenerate|i:1594738757;'),('cdb4svoqh8btjv5sbgdmhuir94hica53','182.253.118.89',1594739202,'__ci_last_regenerate|i:1594739202;'),('k3tauq3ql2n9ck9ho4a76jeb8ncfkn7c','179.43.169.182',1594740880,'__ci_last_regenerate|i:1594740880;'),('ftisigqefnjvcjkcndm51sbrqunau42u','182.253.118.89',1594739202,'__ci_last_regenerate|i:1594739202;'),('c1tepi2j1s5qjn5v8khmgq43mnujsdvu','182.253.118.89',1594739202,'__ci_last_regenerate|i:1594739202;'),('huhntiubpm9etnere6o4g4e74p5jgjn0','182.253.118.89',1594739202,'__ci_last_regenerate|i:1594739202;'),('otr77fuo339mb2nuc0nemceb0e5rdnk2','182.253.118.89',1594739202,'__ci_last_regenerate|i:1594739202;'),('j35vhnoj7cmaerafm5g8kvmb7031lc0l','179.43.169.182',1594740881,'__ci_last_regenerate|i:1594740881;'),('t4oh9snkhidftamgvmu0pqmm188q9lgc','65.154.226.109',1594740884,'__ci_last_regenerate|i:1594740884;'),('skpcklvmc8vvod9gpkj33skvr1f18nfu','179.43.169.182',1594740885,'__ci_last_regenerate|i:1594740885;'),('l66sqtil2cpuasjj8rvtsuevv905tdo7','103.28.115.235',1594740168,'__ci_last_regenerate|i:1594740168;'),('k8h6bgvrlobph9p3gn4dk9f6488i5arp','179.43.169.182',1594740885,'__ci_last_regenerate|i:1594740885;'),('2f8s0aocu99m3nbn2q5u2op5kj1dn084','179.43.169.182',1594740888,'__ci_last_regenerate|i:1594740888;'),('4plk68a1keav4knc9g60n6kqbcq51jhj','179.43.169.182',1594740888,'__ci_last_regenerate|i:1594740888;'),('epla2f1t68q90slrmodlhdro7iev86pn','182.253.118.89',1594741813,'__ci_last_regenerate|i:1594741813;'),('2tqlsa425pq2gf44k0mf253136b5qble','65.154.226.109',1594740896,'__ci_last_regenerate|i:1594740895;'),('h86oge3h92l0o3e3nmdka4cms24e203d','182.253.118.89',1594740905,'__ci_last_regenerate|i:1594740905;'),('t0hhf1904iilf5pqcnlbnmhoufst8ktu','182.253.118.89',1594740905,'__ci_last_regenerate|i:1594740905;'),('5a3cubjpaqv368kv4so65io79ki32mul','182.253.118.89',1594740909,'__ci_last_regenerate|i:1594740909;'),('td7cfdrhmhos7efd09cq35nk3q4d64sl','182.253.118.89',1594740909,'__ci_last_regenerate|i:1594740909;'),('rcdt8ki422l8580dqnrbvr6aeuvf8005','182.253.118.89',1594740909,'__ci_last_regenerate|i:1594740909;'),('45dsmk3rv5t1ll70m7l1llihtb17fsv7','182.253.118.89',1594740910,'__ci_last_regenerate|i:1594740910;'),('ud8mqbri40fjnq5ujojli06lavku4quq','182.253.118.89',1594740911,'__ci_last_regenerate|i:1594740911;'),('g2kdu0ujet6imukposmel2bkqc5m7du1','182.253.118.89',1594740911,'__ci_last_regenerate|i:1594740911;'),('uqsbqlrl3f3703s99t9akf9ropcm25qt','182.253.118.89',1594741064,'__ci_last_regenerate|i:1594741064;'),('97pi6ol46kjij3olnuk21h0afr27l0dn','182.253.118.89',1594741064,'__ci_last_regenerate|i:1594741064;'),('5na0vn0mqtf6f4bf27c60c0kqedckprk','182.253.118.89',1594741495,'__ci_last_regenerate|i:1594741495;'),('ec43jciiivju5hqk71nvgat6u6oupabo','182.253.118.89',1594741530,'__ci_last_regenerate|i:1594741530;'),('8mo87le1sctn17mf8hdmr1kg70be9fv8','179.43.169.182',1594741622,'__ci_last_regenerate|i:1594741622;'),('pr287lqcvmirao6gcpciccl89heagudt','179.43.169.182',1594741622,'__ci_last_regenerate|i:1594741622;'),('287l572fnuaain1l9fuq9hlimj5dibbb','182.253.118.89',1594742572,'__ci_last_regenerate|i:1594741813;'),('aqjkfnuc8br5t9fumh3csd41gq9dub7v','66.220.149.1',1594742055,'__ci_last_regenerate|i:1594742055;'),('m0qhpqbv2b8ffkmr7k6rhres49j5pl6k','66.220.149.8',1594742056,'__ci_last_regenerate|i:1594742056;'),('922f8rn56udeu2mc800e71dp87m75kb6','66.220.149.8',1594742059,'__ci_last_regenerate|i:1594742059;'),('7r8hphbp5sg3reeubgvktib66dsf9pfi','66.220.149.16',1594742088,'__ci_last_regenerate|i:1594742088;'),('agpv663butbkicdsn8aqkoc9l983o8d2','66.220.149.16',1594742088,'__ci_last_regenerate|i:1594742088;'),('qnfeghrah429ucla5i2tlbh0kp8vpnft','182.253.118.89',1594742264,'__ci_last_regenerate|i:1594742264;'),('kk7lhn63cepaavnqd37vhgkjqn61upv4','182.253.118.89',1594742264,'__ci_last_regenerate|i:1594742264;'),('u3j7i650mapk6v9jtvkomjrkenb0ons0','182.253.118.89',1594743318,'__ci_last_regenerate|i:1594742648;nip|N;nama_lengkap|N;nik|N;login|b:1;is_admin|i:1;'),('gmm204icnfqvutuvjk76surip6csfsc1','182.253.118.89',1594742684,'__ci_last_regenerate|i:1594742684;'),('n0uj53dh3fhg7hj3fshdadvmvvbuln0t','182.253.118.89',1594742684,'__ci_last_regenerate|i:1594742684;'),('cdkc4bpn930smf4slge7ug50neehom1r','182.253.118.89',1594743159,'__ci_last_regenerate|i:1594743159;'),('2d33bb4lgoac1clld04v688kriebl0vr','195.54.160.21',1594743394,'__ci_last_regenerate|i:1594743394;'),('2k3tvufk311cleaubk8oto3d52ccndqh','182.253.118.89',1594747368,'__ci_last_regenerate|i:1594747368;'),('0mvpqp83ab63girvids0kncubii50r5r','66.220.149.21',1594745518,'__ci_last_regenerate|i:1594745518;'),('tt0i3f7bejgimftcelbambqkngp2er0k','182.253.118.89',1594746687,'__ci_last_regenerate|i:1594746677;'),('g7ubilkhs6f3lgmjapslaek020lcbh1h','182.253.118.89',1594746721,'__ci_last_regenerate|i:1594746721;'),('1eg0kol3m8pmc8t3pijnispk8b7hucc0','182.253.118.89',1594746724,'__ci_last_regenerate|i:1594746724;'),('lg9nl08aa9mb49ijbnntf4i8tom4j8nq','182.253.118.89',1594746727,'__ci_last_regenerate|i:1594746727;'),('j0qep2csm69k6sf2j92lsjpap06qm09c','182.253.118.89',1594746731,'__ci_last_regenerate|i:1594746731;'),('0vk46blhfsvcr1ub3j29tulh6636t3ia','182.253.118.89',1594746733,'__ci_last_regenerate|i:1594746733;'),('k86lknt3b9nb3l8hptlgvak2d1nv9c36','66.220.149.21',1594746850,'__ci_last_regenerate|i:1594746850;'),('mn0llfu5orp7prnv734r00oajo1pile6','66.220.149.29',1594746852,'__ci_last_regenerate|i:1594746852;'),('5nv07g0s0ou88ln6qlegvd8hgedgokcl','66.220.149.11',1594747031,'__ci_last_regenerate|i:1594747031;'),('dh0iau1793036g3tdbps0kgjg06j1dtc','66.220.149.11',1594747031,'__ci_last_regenerate|i:1594747031;'),('7u18n4trbraea06atbpfprpvqklov510','223.71.167.163',1594747290,'__ci_last_regenerate|i:1594747290;'),('lvs5ih0nid43osc9qqp07960rogjc2nu','223.71.167.163',1594747293,'__ci_last_regenerate|i:1594747293;'),('jhju3mprud69sej9rhpuiaptim1os8vt','182.253.118.89',1594749351,'__ci_last_regenerate|i:1594749351;'),('qurn3fnjlf3j3gmlq68nler9lscqkq8i','77.35.45.5',1594747675,'__ci_last_regenerate|i:1594747675;'),('o74sg3h6lt2hbg2rr78f0vp5acmo4qe4','196.49.19.32',1594747883,'__ci_last_regenerate|i:1594747883;'),('8u01hqgj89bfmt5h2jr8f3shlj8a4rib','193.118.53.194',1594748213,'__ci_last_regenerate|i:1594748213;'),('bgb41gg9rqbbc3elcsguasjqbg0r8ip1','182.253.118.89',1594749361,'__ci_last_regenerate|i:1594749351;'),('m3s2c1pg2qk22saa0q51jcucbfoirfpp','66.220.149.10',1594749698,'__ci_last_regenerate|i:1594749698;'),('c4uao59pjfdubar8hggn26okkec9hp3b','66.220.149.10',1594749698,'__ci_last_regenerate|i:1594749698;'),('t57eaa7bg14udcn79o03mof1tssbua21','94.72.152.30',1594753012,'__ci_last_regenerate|i:1594753012;'),('b467hlf8qlg2cpkhtuvebkm109rq98vq','95.83.43.63',1594753528,'__ci_last_regenerate|i:1594753528;'),('q5erdmrt90l7c9ncc5hg1180mmq39dm8','128.14.209.154',1594754519,'__ci_last_regenerate|i:1594754519;'),('bvlqa7r70c4ieab7n3342tldh87qvb02','128.14.209.154',1594754520,'__ci_last_regenerate|i:1594754520;'),('bkaadd00nmij0h7hsoj36n9ruojp38uu','128.14.209.154',1594754521,'__ci_last_regenerate|i:1594754521;'),('qv5fdmm749kg128avrg659cahid7tkqn','195.54.160.21',1594754523,'__ci_last_regenerate|i:1594754523;'),('iver1lk0l7s4p96rqr0a7jk587m7pd4q','195.54.160.21',1594754531,'__ci_last_regenerate|i:1594754531;'),('bkin52q6i6vstdh5j70hvjmnpott84lt','195.54.160.21',1594754622,'__ci_last_regenerate|i:1594754622;'),('tue8mt2qp6dru0a0tlsllf4529c11g8k','195.54.160.21',1594754626,'__ci_last_regenerate|i:1594754626;'),('q06d2ii5ops1e3ppkfk0qkugg0j1tnr2','195.54.160.21',1594755107,'__ci_last_regenerate|i:1594755107;'),('05f143f814slbb9letg9s7babjvmfuh5','162.243.129.184',1594755984,'__ci_last_regenerate|i:1594755984;'),('rq0ktkpa6oesh6aiu5rrlg9aver5jg5m','34.68.89.254',1594756300,'__ci_last_regenerate|i:1594756297;'),('cmku7htasprveaps0v4hj80nnckau4ac','89.40.73.247',1594756363,'__ci_last_regenerate|i:1594756363;'),('p5l2elre8sijn66rjngh1j854kmovire','34.68.245.252',1594756663,'__ci_last_regenerate|i:1594756663;'),('b73u4dfcia9217muh3r1o7nop3rmlnop','34.68.245.252',1594756668,'__ci_last_regenerate|i:1594756668;'),('dijgnu462b4l63akeu0lg6q4jf28v845','196.49.19.32',1594756893,'__ci_last_regenerate|i:1594756893;'),('njd21fvi1863h3tqr6la2333cllacfkm','124.248.184.246',1594757128,'__ci_last_regenerate|i:1594757128;'),('pgru43h254t8047r0rv6cu1eadulo3kg','116.203.100.237',1594758424,'__ci_last_regenerate|i:1594758424;'),('ned03f30058541l687kfuhv61a3agt7j','195.54.160.21',1594759202,'__ci_last_regenerate|i:1594759202;'),('ijtbd67ean716kher4d5fh9q5dc340n4','195.54.160.21',1594759283,'__ci_last_regenerate|i:1594759283;'),('nkkrmp0abp44t0ed36363dq6i80iksgh','195.54.160.21',1594759283,'__ci_last_regenerate|i:1594759283;'),('0uss4h72ahcp5und5c75bcn5nj0io6ja','212.129.3.22',1594759681,'__ci_last_regenerate|i:1594759681;'),('h5ola1gbel0e8em77p00bfjup8922gln','212.129.3.22',1594759682,'__ci_last_regenerate|i:1594759682;'),('qaoi42525crs1u8mvphj4c89jh46614r','185.128.41.50',1594760637,'__ci_last_regenerate|i:1594760637;'),('69q5mv471cs211b0bn6cgo4eei8m79fk','103.233.122.59',1594761475,'__ci_last_regenerate|i:1594761475;'),('6oec69tr8ln2pb75en5umrnrrifc1vi4','195.54.160.21',1594762247,'__ci_last_regenerate|i:1594762247;'),('n2d3t27m9gn1bpk8iq4an4fepalp6pmt','162.243.128.149',1594762292,'__ci_last_regenerate|i:1594762292;'),('a3v2sf3a6lr4idhks7b3fnq0ebcc9dvv','201.49.225.67',1594764497,'__ci_last_regenerate|i:1594764497;'),('qqnsg591t15p9prs9i9bifp27o3jvjs1','196.49.19.32',1594765749,'__ci_last_regenerate|i:1594765749;'),('it9v87240l30sams7n83u4g2fkucjtsp','103.214.185.186',1594767838,'__ci_last_regenerate|i:1594767833;'),('64g324sscj04vjltqk6opubn506qs3mr','128.14.209.242',1594768938,'__ci_last_regenerate|i:1594768938;'),('vmu8ph0ud9u6kble75m1rsp6tg54hgn7','128.14.209.242',1594768940,'__ci_last_regenerate|i:1594768940;'),('m2t2t8po0dhhdqa2pcs30ndcbljdisqc','128.14.209.242',1594768950,'__ci_last_regenerate|i:1594768950;'),('radnd5ffjkf2ng5chrjt0q6lksq2bir7','196.49.19.32',1594769878,'__ci_last_regenerate|i:1594769878;'),('ai6bii3std6f154uqgssf5putaj75158','193.118.53.202',1594773673,'__ci_last_regenerate|i:1594773673;'),('kcb961u4i4m34vi6os5kan637q0grff7','20.188.47.122',1594774001,'__ci_last_regenerate|i:1594773999;'),('1ikojeurc6opslrhmgib7k8dkmt7dsat','195.54.160.21',1594774781,'__ci_last_regenerate|i:1594774781;'),('1qtt05ktgp9icrvehqjoq430aq4mj555','195.54.160.21',1594774874,'__ci_last_regenerate|i:1594774874;'),('670s1rkf5b9tkogka6cguqn4ms2g8evh','195.54.160.21',1594774880,'__ci_last_regenerate|i:1594774880;'),('biac1dvcmcduftoqt5f0h4v8q5k3rb54','195.54.160.21',1594775004,'__ci_last_regenerate|i:1594775004;'),('sh30sh1pkupo9tnfl23h8vf7odfe4qvi','195.54.160.21',1594775005,'__ci_last_regenerate|i:1594775005;'),('t5i0eimo82gh5bqcda1ui62h7ce68ej7','195.54.160.21',1594775037,'__ci_last_regenerate|i:1594775037;'),('vkdckq6004r1ruahb6tu2v5qma0en6i5','195.54.160.21',1594775038,'__ci_last_regenerate|i:1594775038;'),('3lielr9khr2sp1igde9j7vojit37difh','195.54.160.21',1594777111,'__ci_last_regenerate|i:1594777111;'),('stpkksonl13jf4oh7rmgd3fq224napoh','110.138.151.16',1594777635,'__ci_last_regenerate|i:1594777635;'),('oeimaantl959ch4j7mskegt8mgnp0qur','223.71.167.163',1594778148,'__ci_last_regenerate|i:1594778148;'),('cj5qskhirac1md24jlqrvepfeu97eps5','223.71.167.163',1594778149,'__ci_last_regenerate|i:1594778149;'),('2ufcjuu4jisteopner3qt0ehrkgpvvq4','168.235.205.209',1594779127,'__ci_last_regenerate|i:1594779127;'),('3cljp38tjk7soknvda94pbeqa24058sp','60.191.20.213',1594781457,'__ci_last_regenerate|i:1594781457;'),('n0phnu1qconbgnbppc8e3cnr1adeva51','195.54.160.21',1594782106,'__ci_last_regenerate|i:1594782106;'),('2qs29h5t1oipoqd0oit7rmgd0s0c4mnd','92.118.160.37',1594782803,'__ci_last_regenerate|i:1594782803;'),('4kc0kuiqi5g0t8vn0ticn3uc3jqonddd','92.118.160.37',1594782806,'__ci_last_regenerate|i:1594782806;'),('pk8a3m416jsoijjckt87qgage621qk19','103.10.66.75',1594783008,'__ci_last_regenerate|i:1594782993;'),('pv8qq5c0uobpfvq756bbnjoteidte743','195.54.160.21',1594783137,'__ci_last_regenerate|i:1594783137;'),('7djg9gl3qiahsqh6orv7s6si59oct7bp','196.49.19.32',1594783231,'__ci_last_regenerate|i:1594783231;'),('qjgb18gink0ab2f2v965f6k4polbigvb','196.49.19.32',1594783311,'__ci_last_regenerate|i:1594783311;'),('1kf08c280qs33690upcpfdi474978b9s','45.71.112.11',1594783601,'__ci_last_regenerate|i:1594783601;'),('12so6euog7cq02judpqru9l43o4h1dt8','185.39.11.105',1594783739,'__ci_last_regenerate|i:1594783739;'),('dccaqcktmqglh33h6mpgcfbvs1m5o71p','103.28.115.235',1594786377,'__ci_last_regenerate|i:1594786377;'),('iaght2k60op6vh28pt2su3sk39r88jp2','196.49.19.32',1594787906,'__ci_last_regenerate|i:1594787906;'),('pbem3eot0g7320klbmto5hi6voel9s8c','192.241.237.109',1594789669,'__ci_last_regenerate|i:1594789669;'),('35e5fodm11p0898f9iu8urte1083n8ra','193.118.53.210',1594790698,'__ci_last_regenerate|i:1594790698;'),('vh3il0ahv0bvpct4v3qra1jjf3qgj83q','202.162.216.10',1594792601,'__ci_last_regenerate|i:1594792600;'),('9e86rjk25l40cf32rd2v24begt8emlo3','175.170.238.25',1594794602,'__ci_last_regenerate|i:1594794602;'),('j397hlafd0atsikghg24pnm7fsju1kv1','31.154.73.148',1594797640,'__ci_last_regenerate|i:1594797640;'),('jvpuqiqmffsfdj83qv47h2dd25dfa0pr','27.111.32.162',1594801703,'__ci_last_regenerate|i:1594801703;'),('8roa330onl7si4fkq2qa5a15qdu8pou5','185.216.140.251',1594801201,'__ci_last_regenerate|i:1594801201;'),('lf13d17fve3aq7vai62vjha71mvuk54c','185.216.140.251',1594801201,'__ci_last_regenerate|i:1594801201;'),('jo5l3htjn274p2fm31kkmkn5rol931ci','185.216.140.251',1594801201,'__ci_last_regenerate|i:1594801201;'),('p20t2990948oenvtrvss7g6mq8nktqg2','185.216.140.251',1594801202,'__ci_last_regenerate|i:1594801202;'),('kolisq6voaei93949ms8lqf9jmni651n','185.216.140.251',1594801202,'__ci_last_regenerate|i:1594801202;'),('hfcv9o9nf24fq98tu6jd0tt853d4nav5','185.216.140.251',1594801202,'__ci_last_regenerate|i:1594801202;'),('p9sgls9an0rtfur4vj0sru4emhrke988','185.216.140.251',1594801203,'__ci_last_regenerate|i:1594801203;'),('3nn890s2hr22i2qmllr0gvaa6e5v87bh','185.216.140.251',1594801203,'__ci_last_regenerate|i:1594801203;'),('bth6p64enan9cseuugmkpdic77rrjorp','185.216.140.251',1594801204,'__ci_last_regenerate|i:1594801204;'),('lbdqvil1mstovpo6qpkbqcqpbqt269ji','185.216.140.251',1594801204,'__ci_last_regenerate|i:1594801204;'),('6nr9sh7fh8umlr8d3tov0iv3sp67u1ht','185.216.140.251',1594801204,'__ci_last_regenerate|i:1594801204;'),('jfhqtajur0getobj10glo4fkksju8648','185.216.140.251',1594801205,'__ci_last_regenerate|i:1594801205;'),('gkjtn87ui4gdmh0c1g4dusogua0eki6b','185.216.140.251',1594801205,'__ci_last_regenerate|i:1594801205;'),('cah55k2nrivbtuhf8gsken3q662j41oe','185.216.140.251',1594801205,'__ci_last_regenerate|i:1594801205;'),('jfpqpcklanrlo3b038r793qe1ef6g2hs','185.216.140.251',1594801206,'__ci_last_regenerate|i:1594801206;'),('194dhte90ek7qcgsju7sl2rk6g5ft4a4','185.216.140.251',1594801206,'__ci_last_regenerate|i:1594801206;'),('84oabugk8r688j8m307d6jhbcpk4m6ja','185.216.140.251',1594801206,'__ci_last_regenerate|i:1594801206;'),('67hkcvriledc35gpj5edtcs53dt9cgqc','185.216.140.251',1594801207,'__ci_last_regenerate|i:1594801207;'),('mknenc4erh8vlobjr31pp6pj55n7v5h3','185.216.140.251',1594801207,'__ci_last_regenerate|i:1594801207;'),('bk44503pgqimfn27bj63iaq37gbs8qng','185.216.140.251',1594801207,'__ci_last_regenerate|i:1594801207;'),('dhi0f8l9hfionk82behn636a2sgm8660','185.216.140.251',1594801208,'__ci_last_regenerate|i:1594801208;'),('832tot0ld91hl1ntts2lp7he3ek1g84e','185.216.140.251',1594801208,'__ci_last_regenerate|i:1594801208;'),('2bppedjlp58qc002t4d33crobta0m23h','185.216.140.251',1594801208,'__ci_last_regenerate|i:1594801208;'),('m1s68hd9fjjvrsd162ubk0ifvmvicl58','185.216.140.251',1594801209,'__ci_last_regenerate|i:1594801209;'),('8pfeh5s0ppioocv4c820ltobd3pnnufi','185.216.140.251',1594801209,'__ci_last_regenerate|i:1594801209;'),('tdjhc3102v7q7gdjkqgnf52gudje3pik','27.111.32.162',1594802126,'__ci_last_regenerate|i:1594801703;item|s:77:\"<div class=\"alert alert-danger\"> Username atau Password anda SALAH !!! </div>\";__ci_vars|a:1:{s:4:\"item\";s:3:\"old\";}'),('97otr9lokdp2qmkitgoujpicno2ajqqb','182.0.138.37',1594803494,'__ci_last_regenerate|i:1594803493;'),('k2j2agbkon3vobihognkphqpkk038c11','192.241.237.233',1594805546,'__ci_last_regenerate|i:1594805546;'),('ft3a7d4ois0q795ka8juk3rfbe4kvpfr','196.49.19.32',1594805579,'__ci_last_regenerate|i:1594805579;'),('ks5rjflt560adfobove0ed0qdu3f0uiq','27.111.32.162',1594806752,'__ci_last_regenerate|i:1594806172;nip|N;nama_lengkap|N;nik|N;login|b:1;is_admin|i:1;'),('18fc76t0jvp1ofd7nktt35inn1342gf2','193.118.55.146',1594806315,'__ci_last_regenerate|i:1594806315;'),('udd54fsmal4veke2kh44q9p0gi1hett9','193.118.55.146',1594806317,'__ci_last_regenerate|i:1594806317;'),('8hhlgdifq8t8fr54ras6bsdbk4tm0840','193.118.53.202',1594808848,'__ci_last_regenerate|i:1594808848;'),('mq2mi3u6l3rn0sbgmtjs8kab36vcf0hu','193.118.53.202',1594808850,'__ci_last_regenerate|i:1594808850;'),('a8jk9kntnbv13fpqlvae76g9he8r8g41','103.28.115.235',1594810236,'__ci_last_regenerate|i:1594810236;'),('0934s4tu7035uhbe0pgblbb87kl95efd','108.50.246.206',1594811001,'__ci_last_regenerate|i:1594811001;'),('3a19k9hv9kfba5n8ukavedlb5ra8u0j0','2.184.38.76',1594813057,'__ci_last_regenerate|i:1594813057;'),('7qvdunf1ebrfkd4cl67epb6jtlnkftcm','66.249.64.200',1594816306,'__ci_last_regenerate|i:1594816306;'),('2f8trh3vk1o4kdicmsahh0n06kudk1t2','66.249.64.195',1594816307,'__ci_last_regenerate|i:1594816307;'),('j21upo2sc3bnf7o5vd2m586scaf6opm8','66.249.64.198',1594819127,'__ci_last_regenerate|i:1594819127;'),('75357e8a9p631o36hehmlq9ja3s1h6rs','196.49.19.32',1594819216,'__ci_last_regenerate|i:1594819216;'),('7nu5ueg7oefp02oii23kj7hava7gr2pk','196.49.19.32',1594823703,'__ci_last_regenerate|i:1594823703;'),('5l0brjocinatfrkfk13lh5kb9lclin7r','109.94.125.179',1594824536,'__ci_last_regenerate|i:1594824536;'),('udesjbkrj3on94k378mv879uo261ajvp','156.96.156.142',1594827331,'__ci_last_regenerate|i:1594827331;'),('irr6adgigp3n733cvfuegt1021i05jrs','156.96.156.142',1594827332,'__ci_last_regenerate|i:1594827332;'),('gbvtuqjt7njnhrhd8tpikkm03k6vugff','156.96.156.142',1594827333,'__ci_last_regenerate|i:1594827333;'),('1op7k1vsf430tb9o66lolkq5gq1od6ke','156.96.156.142',1594827334,'__ci_last_regenerate|i:1594827334;'),('o6kkjo4b382q1o0bisvdejcnma6hlrsb','128.14.209.178',1594828287,'__ci_last_regenerate|i:1594828287;'),('n32h575656iup2orphev1ooapld87ctt','128.14.209.178',1594828289,'__ci_last_regenerate|i:1594828289;'),('n7rberi8c98nns6half4op29mnmsde8a','34.75.139.154',1594829222,'__ci_last_regenerate|i:1594829222;'),('tmd8lsr8chs3svon49sg4cm1spjbeb1j','192.241.216.129',1594829678,'__ci_last_regenerate|i:1594829678;'),('0uqmrdavpb3285u5q0qjkubkh4ujl0as','66.249.64.198',1594829695,'__ci_last_regenerate|i:1594829695;'),('775rn1tgc4qsuhkvir58bd0p649tma54','66.249.64.198',1594829696,'__ci_last_regenerate|i:1594829695;'),('pj6anj5lr0shaul9fiafrbfhhu6e456d','118.91.180.54',1594831227,'__ci_last_regenerate|i:1594831227;'),('jiqnlf1iv1mrf49n58otpd50u4los887','196.49.19.32',1594832350,'__ci_last_regenerate|i:1594832350;'),('a4he24fbu0t35h71t59tfma842mh3jsl','195.54.160.21',1594835927,'__ci_last_regenerate|i:1594835927;'),('hhhv3r5vlp7eu0216gbaoe6h0q5i0ph9','195.54.160.21',1594836516,'__ci_last_regenerate|i:1594836516;'),('7a7qe73taocs71tnbe0la7u584s0augn','195.54.160.21',1594836522,'__ci_last_regenerate|i:1594836522;'),('uo2emt5lhs3ljun9ermnd0246relpi36','196.49.19.32',1594836889,'__ci_last_regenerate|i:1594836889;'),('kvclq3g0sh5njusoqan896sbrqosdgkf','195.54.160.21',1594837247,'__ci_last_regenerate|i:1594837247;'),('vglvdalhli9ci3pv2qf8bovv8mhsptiu','195.54.160.21',1594837248,'__ci_last_regenerate|i:1594837248;'),('flmbfh5m8pmrufmar8rnrbhqffn8lt4m','195.54.160.21',1594837505,'__ci_last_regenerate|i:1594837505;'),('8rlv1h2e2963s38u97kfl7ghq979adq5','195.54.160.21',1594837511,'__ci_last_regenerate|i:1594837511;'),('rue0558afbfmsl6ljgg88olm9o1qs6fn','31.211.191.29',1594839904,'__ci_last_regenerate|i:1594839904;'),('b1l1h8d42irnfcvpk00icpiun3ano588','66.249.64.198',1594843118,'__ci_last_regenerate|i:1594843118;'),('54at8lafh7c8d124itdrcs5ilf8u5cr8','66.249.64.198',1594843120,'__ci_last_regenerate|i:1594843119;'),('b6tnv75r037sedjm3pdarn7bc0ubnspi','66.249.64.195',1594843211,'__ci_last_regenerate|i:1594843211;'),('cpbqnta7n3io5qvq6497uluhf3r205o8','66.249.64.198',1594843212,'__ci_last_regenerate|i:1594843212;'),('v0vohmlmq312af9qt0fsjkukjnl7nsol','103.149.192.47',1594843947,'__ci_last_regenerate|i:1594843947;'),('8ap7ua21uqrqoa97jotkji95aka0l8jo','103.149.192.53',1594843949,'__ci_last_regenerate|i:1594843949;'),('j4r2qjk4r9l1g8d6aebtik3062rtgiud','193.118.53.202',1594845421,'__ci_last_regenerate|i:1594845421;'),('foius2fjrr6msqkit0mm3i775gh9bou3','193.118.53.202',1594845423,'__ci_last_regenerate|i:1594845423;'),('ck0j5dhkstvh0aap29tvroukit34f62j','196.49.19.32',1594845786,'__ci_last_regenerate|i:1594845786;'),('p0e0uatjin4nlmad2k3nrm29tfm9k54t','71.6.232.9',1594850196,'__ci_last_regenerate|i:1594850196;'),('sktr63l5t1kk7v0jjbiiocegip2kj5jv','196.49.19.32',1594850354,'__ci_last_regenerate|i:1594850354;'),('0530jrod3qughridihtku6n63fkc0047','195.54.160.21',1594851546,'__ci_last_regenerate|i:1594851546;'),('tdid1vbdr6cri36gi8ms0hfbflhm4u0l','195.54.160.21',1594851552,'__ci_last_regenerate|i:1594851552;'),('no7l6bu4d11uv3dmr1lebe9q4t1qr6k5','89.40.73.245',1594853034,'__ci_last_regenerate|i:1594853034;'),('lss7lmi0oe01ecltg3oargsqnpajlg38','170.244.98.124',1594853212,'__ci_last_regenerate|i:1594853212;'),('2ehtcpvsthb6utapqcl5nktg5hrbht3g','196.49.19.32',1594854817,'__ci_last_regenerate|i:1594854817;'),('dqkbvndfoqalpc0if014df7e7cj0mbfj','168.181.120.21',1594857443,'__ci_last_regenerate|i:1594857443;'),('i2bm8opq0jqu014k3tho4gfmk5qcs4oc','66.249.73.131',1594857536,'__ci_last_regenerate|i:1594857536;'),('il4736vqgsf07e8qk6omn5hc420ojl0u','66.249.73.136',1594857537,'__ci_last_regenerate|i:1594857537;'),('061sufapq5h629tl8vp4g2e91pr508j3','196.49.19.32',1594859019,'__ci_last_regenerate|i:1594859019;'),('6u8okjnfqm5ibbmm1fsaf0u0keg9e19l','193.118.53.194',1594860669,'__ci_last_regenerate|i:1594860669;'),('b6itfkvlt0np60va8lqioeidptck6ho7','193.118.53.194',1594860670,'__ci_last_regenerate|i:1594860670;'),('ihmtakacqm8589n19i55ulns010ketge','66.249.73.134',1594861214,'__ci_last_regenerate|i:1594861214;'),('jask04tes5b2pqdtsd2takrre25meqgc','66.249.73.131',1594861214,'__ci_last_regenerate|i:1594861214;'),('f2vmdj8er8ve2cktkv4al2d7067lffl5','27.111.32.162',1594861661,'__ci_last_regenerate|i:1594861661;'),('vk4s8ko081e36ccos12p3jk1dbsqojsn','5.232.223.58',1594862037,'__ci_last_regenerate|i:1594862037;'),('1hh1qhahn25ll69rfucsdco52gp7vqmg','104.244.78.107',1594862065,'__ci_last_regenerate|i:1594862065;'),('pqp1122i4vpl0rtueg13kj9rtg66qcq0','27.111.32.162',1594862775,'__ci_last_regenerate|i:1594862775;'),('5gt6ed9sh05h4ejnen63meh7aj99p2mp','103.28.115.235',1594866193,'__ci_last_regenerate|i:1594866193;'),('h7k9uo4i7ek5fi3riabh4f5k5opv8b7r','192.241.231.48',1594866574,'__ci_last_regenerate|i:1594866574;'),('h19rq7t8j31e2t8hsohmidd8q5l75reu','182.23.126.39',1594866607,'__ci_last_regenerate|i:1594866607;'),('ovqa8cnab7sr054vjqboe6v8p29qskju','196.49.19.32',1594867654,'__ci_last_regenerate|i:1594867654;'),('kbh10m4ch8pgphant2fpf4knu60q763p','196.49.19.32',1594867769,'__ci_last_regenerate|i:1594867769;'),('sphqm8bsm1o6005281r576rkg8qtm7u2','27.111.32.162',1594870314,'__ci_last_regenerate|i:1594870314;'),('42fd0sdl5rnsa4tnj690r7iv7v4dh7ue','27.111.32.162',1594870501,'__ci_last_regenerate|i:1594870501;'),('12f2kqg6i96mqjbqgbblgeioa70a7puf','27.111.32.162',1594870502,'__ci_last_regenerate|i:1594870502;'),('k2qiiqgq377b6c0vn5qmeh2kl2td304f','62.234.218.151',1594870899,'__ci_last_regenerate|i:1594870899;'),('mei4tfnm8iot85uqnqnjfp3fod5gu36l','62.234.218.151',1594870904,'__ci_last_regenerate|i:1594870904;'),('jia73mper38sdbi1sp42krh12fobiput','128.14.134.134',1594872722,'__ci_last_regenerate|i:1594872722;'),('vril6ff237ldulc5paehqnfijcvsbri4','195.54.160.21',1594874586,'__ci_last_regenerate|i:1594874586;'),('p31q7u3ucpdqhuho33n6hsq0evsge5o4','195.54.160.21',1594875285,'__ci_last_regenerate|i:1594875285;'),('qo54s87gi1ot2ejccr7gses31v64nvnc','195.54.160.21',1594875290,'__ci_last_regenerate|i:1594875290;'),('1oh8b816l4rhcbtmbqa02p5j6c1bf8a0','216.218.206.69',1594876042,'__ci_last_regenerate|i:1594876042;'),('o2bedfjsolr15dta23lpura5r6svushc','195.54.160.21',1594876109,'__ci_last_regenerate|i:1594876109;'),('8eon6dddfjkaepbf006qdt6n4oth1r5l','195.54.160.21',1594876110,'__ci_last_regenerate|i:1594876110;'),('vr29uphnkvcvorl64ju9dssl5dlmutlm','195.54.160.21',1594876449,'__ci_last_regenerate|i:1594876449;'),('af05tdgkf8o3mvfulqech8ah5bvpaabm','195.54.160.21',1594876456,'__ci_last_regenerate|i:1594876456;'),('7cokuehh2c9k3ju24u3dj3p6jd3od4go','93.174.93.139',1594877129,'__ci_last_regenerate|i:1594877129;'),('h20akf82al3cptbp9i86p2gr112aeljp','27.111.32.162',1594885947,'__ci_last_regenerate|i:1594885947;nip|N;nama_lengkap|N;nik|N;login|b:1;is_admin|i:1;'),('nkdjqe2bdh3c3imtaqiasn9s21sjtigm','27.111.32.162',1594878285,'__ci_last_regenerate|i:1594878285;'),('5kn7sk7ttgftnbtqk0ec9al7js7576o1','110.5.101.246',1594879235,'__ci_last_regenerate|i:1594879235;'),('46puihgad5o9iv7go773v6fkcihpui4h','196.49.19.32',1594881226,'__ci_last_regenerate|i:1594881226;'),('a74conll58nga0taq7qei7rna7hhmjds','27.111.32.162',1594881234,'__ci_last_regenerate|i:1594881234;'),('o8j54ih34pak3310secrgo0vshb6ivvc','196.49.19.32',1594881316,'__ci_last_regenerate|i:1594881316;'),('k278q8cn0fbsicajg8cr1kgsnrljcttm','192.35.168.204',1594881516,'__ci_last_regenerate|i:1594881516;'),('qbdgq6vi4uno8ijelrhl406pudk9teqh','192.35.168.204',1594881517,'__ci_last_regenerate|i:1594881517;'),('jc7oud4di8frrgda98ctsur0krcconf6','192.35.168.204',1594881518,'__ci_last_regenerate|i:1594881518;'),('113araa6ok44qq0ga26p0d42ad8l3m1q','27.111.32.162',1594897848,'__ci_last_regenerate|i:1594897848;nip|N;nama_lengkap|N;nik|N;login|b:1;is_admin|i:1;'),('in733sddgtmmhg641vrtb0fnij00o033','177.74.157.149',1594886579,'__ci_last_regenerate|i:1594886579;'),('h09v4f0e3uju7j1b7ab1vsc1bl4fgd6k','196.49.19.32',1594889983,'__ci_last_regenerate|i:1594889983;'),('qtr2p55g882addg18p04kghf9ppo5fb0','195.54.160.21',1594889995,'__ci_last_regenerate|i:1594889995;'),('o39biv0gikfeft4qllc1t4ebhugv7rkd','196.49.19.32',1594890157,'__ci_last_regenerate|i:1594890157;'),('l9b5jgmhougpbcu8ofr1p0t8vdkis3pu','27.111.32.162',1594887455,'__ci_last_regenerate|i:1594886811;nip|s:18:\"198007122008122002\";nama_lengkap|s:13:\"Dinda Lestari\";nik|s:13:\"Dinda Lestari\";id_golongan|s:1:\"2\";id_tipefungsional|s:1:\"1\";golongan|s:5:\"III.c\";tipe_fungsional|s:11:\"Widyaiswara\";login|b:1;is_dupak|i:1;photo|s:25:\"198007122008122002-160720\";last_login|s:19:\"2020-07-16 08:07:22\";'),('pkogdol54lgkj09rmpth41h6dcefc2o8','181.114.52.82',1594887123,'__ci_last_regenerate|i:1594887123;'),('0eni78i8mi6vplgulm1b8nut6chjq6o2','217.146.219.122',1594887280,'__ci_last_regenerate|i:1594887280;'),('r3nlbjbb0k4m0n0rv230a8e16ao2p0al','193.118.53.210',1594888152,'__ci_last_regenerate|i:1594888152;'),('lhgg0no6jhr56r28vhomf4o55ck1hhec','128.14.133.58',1594888891,'__ci_last_regenerate|i:1594888891;'),('jtg78db53t3b0o9er8delgvac55p31kv','89.122.80.88',1594889292,'__ci_last_regenerate|i:1594889292;'),('dme985koo42te8s9q6ilh2iaebfgp0gt','103.28.115.235',1594889555,'__ci_last_regenerate|i:1594889555;'),('pb6tjrs6v2grc3hgqtjh3285ro4e1d87','192.241.235.234',1594890488,'__ci_last_regenerate|i:1594890488;'),('a10lf812i13l5ik1rjesmm1n2bhncet8','41.111.242.5',1594892739,'__ci_last_regenerate|i:1594892711;'),('qv0a8i3ni1bgtep38jl3u1etqkp84l5t','196.49.19.32',1594894508,'__ci_last_regenerate|i:1594894508;'),('6t70iolhttibbj4pq154cu128vfakr2a','45.83.66.237',1594894684,'__ci_last_regenerate|i:1594894684;'),('79ct702f9pd8gjr90jp87iim8u1qf99b','27.111.32.162',1594899573,'__ci_last_regenerate|i:1594899573;nip|N;nama_lengkap|N;nik|N;login|b:1;is_admin|i:1;'),('3eu5s88c9pu3d6benm4s0vk995h084t1','196.49.19.32',1594903755,'__ci_last_regenerate|i:1594903755;'),('s487feoecbpa9dpmf7j47a8o000ve25m','116.206.29.12',1594900244,'__ci_last_regenerate|i:1594900244;'),('ehhirm9v3ed1r9rd08eils8g97llqqnq','27.111.32.162',1594909917,'__ci_last_regenerate|i:1594909917;nip|N;nama_lengkap|N;nik|N;login|b:1;is_admin|i:1;'),('l1kgj6ojpbkenbrk8fvjlkim5rreen3e','164.90.145.191',1594903969,'__ci_last_regenerate|i:1594903969;'),('gkkoad9n99eg1o081ecvmsrmmo0ub7fb','27.111.32.162',1594900632,'__ci_last_regenerate|i:1594900632;nip|N;nama_lengkap|N;nik|N;login|b:1;is_admin|i:1;'),('052ff309feiqdue2t6jc3kanchjdnaog','27.111.32.162',1594899099,'__ci_last_regenerate|i:1594899099;nip|s:18:\"198007122008122002\";nama_lengkap|s:13:\"Dinda Lestari\";nik|s:13:\"Dinda Lestari\";id_golongan|s:1:\"2\";id_tipefungsional|s:1:\"1\";golongan|s:5:\"III.c\";tipe_fungsional|s:11:\"Widyaiswara\";login|b:1;is_dupak|i:1;photo|s:25:\"198007122008122002-160720\";last_login|s:19:\"2020-07-16 11:12:09\";'),('9kvalk38h5etcvchhrjejldjapgf5u3g','43.252.220.28',1594903758,'__ci_last_regenerate|i:1594903758;'),('jf9o8fn00t8rm2rv5odo98ign24f2b06','27.111.32.162',1594900520,'__ci_last_regenerate|i:1594900520;nip|s:18:\"198007122008122002\";nama_lengkap|s:13:\"Dinda Lestari\";nik|s:13:\"Dinda Lestari\";id_golongan|s:1:\"2\";id_tipefungsional|s:1:\"1\";golongan|s:5:\"III.c\";tipe_fungsional|s:11:\"Widyaiswara\";login|b:1;is_dupak|i:1;photo|s:25:\"198007122008122002-160720\";last_login|s:19:\"2020-07-16 11:12:09\";'),('795k8gd5i13qv0f9uk5gsdvou6hp9vte','27.111.32.162',1594900636,'__ci_last_regenerate|i:1594900636;nip|N;nama_lengkap|N;nik|N;login|b:1;is_admin|i:1;'),('pec6jeags63pkf8kc92vtu8al97umkod','182.253.118.89',1594900244,'__ci_last_regenerate|i:1594900244;'),('cmifmcr93l3khlo8uhtmt97k3odcheol','27.111.32.162',1594900660,'__ci_last_regenerate|i:1594900520;nip|s:18:\"198007122008122002\";nama_lengkap|s:13:\"Dinda Lestari\";nik|s:13:\"Dinda Lestari\";id_golongan|s:1:\"2\";id_tipefungsional|s:1:\"1\";golongan|s:5:\"III.c\";tipe_fungsional|s:11:\"Widyaiswara\";login|b:1;is_dupak|i:1;photo|s:25:\"198007122008122002-160720\";last_login|s:19:\"2020-07-16 11:12:09\";'),('p93uc4nsvdkf3mharu02bs55o4pb9g6g','27.111.32.162',1594900936,'__ci_last_regenerate|i:1594900632;nip|N;nama_lengkap|N;nik|N;login|b:1;is_admin|i:1;'),('0s3e8if0ceirf3hieksh5ag97guraur3','27.111.32.162',1594900931,'__ci_last_regenerate|i:1594900918;'),('cgi02ngu2t18mddepjlbh2l2f3vd15qk','27.111.32.162',1594900998,'__ci_last_regenerate|i:1594900953;nip|s:18:\"198007122008122002\";nama_lengkap|s:13:\"Dinda Lestari\";nik|s:13:\"Dinda Lestari\";id_golongan|s:1:\"2\";id_tipefungsional|s:1:\"1\";golongan|s:5:\"III.c\";tipe_fungsional|s:11:\"Widyaiswara\";login|b:1;is_dupak|i:1;photo|s:25:\"198007122008122002-160720\";last_login|s:19:\"2020-07-16 12:02:53\";'),('kmmfs1erg70kbeorqbo1bi8r94f0f6sr','138.68.249.175',1594902811,'__ci_last_regenerate|i:1594902811;'),('1o1ji2jkjd52882st38b8b6c3e127du0','162.243.129.105',1594901004,'__ci_last_regenerate|i:1594901004;'),('saqjed1d3ah576juq83dcvf6gdcbc1sb','138.68.249.175',1594902808,'__ci_last_regenerate|i:1594902808;'),('i4md9sq8nup39vvcfe7g96m93mfr3ngo','35.159.9.179',1594905166,'__ci_last_regenerate|i:1594905166;'),('3vs65q72vt0eu2ohae86jddno0sgohlm','185.39.11.105',1594905969,'__ci_last_regenerate|i:1594905969;'),('276vm3dsun858ebn2gved102amd926ii','162.243.128.39',1594906863,'__ci_last_regenerate|i:1594906863;'),('5rhi4c65ob5g033on7083vbrr2adge9q','162.243.129.159',1594907013,'__ci_last_regenerate|i:1594907013;'),('vb0cum04qo74ecr98hc3fqo8pvfgfmm3','213.162.198.65',1594908499,'__ci_last_regenerate|i:1594908499;'),('jmvp4ga6tdpiqvprh4ceme7e012tfult','128.14.209.178',1594909014,'__ci_last_regenerate|i:1594909014;'),('k0bf84a8600enqp6go3uj34in4fa252o','128.14.209.178',1594909016,'__ci_last_regenerate|i:1594909016;'),('lq8ljtgqta6df5306q1b6uklom930l21','139.255.69.149',1594909890,'__ci_last_regenerate|i:1594909878;'),('j7pvi3mnq9k93c7vu7fshal2fntd96et','27.111.32.162',1594909917,'__ci_last_regenerate|i:1594909917;'),('4gcil4ikl0thitttb3phd9860u840ntt','93.174.93.139',1594910291,'__ci_last_regenerate|i:1594910291;'),('st8d86gvh4ge45prb0l3puij9p7qrcth','91.199.118.137',1594910843,'__ci_last_regenerate|i:1594910843;'),('br3kisics1toc0j7e2e180vtrieuuig4','91.199.118.137',1594910845,'__ci_last_regenerate|i:1594910845;'),('kn8b5cnftj9kudkll6nluiv0m0403a7f','91.199.118.137',1594910846,'__ci_last_regenerate|i:1594910846;'),('6bb3c64f7vkldfuoos20kluprdu17cls','104.244.78.107',1594912065,'__ci_last_regenerate|i:1594912065;'),('vvdgeqefli7m70j8e1lu2l8768lfog76','93.174.95.106',1594912136,'__ci_last_regenerate|i:1594912136;'),('7oarnipjnurutfik6spatsc8niqnoa91','93.174.95.106',1594912136,'__ci_last_regenerate|i:1594912136;'),('dustsc4oak2mkcclgj2t985vqjac7j3v','93.174.95.106',1594912137,'__ci_last_regenerate|i:1594912137;'),('oqo5ekdfgpr68r9b04ufv7f09nbgp8g3','93.174.95.106',1594912137,'__ci_last_regenerate|i:1594912137;'),('b316ghqj4jnu9prfoqcme098tm78r85v','128.14.134.134',1594914875,'__ci_last_regenerate|i:1594914875;'),('a4muqruol1sivcadlbv4j6dneaqv5ahq','128.14.134.134',1594914877,'__ci_last_regenerate|i:1594914877;'),('t4gicof4jao8lh5fr9igbbhfm4nhtvi8','128.14.209.178',1594916962,'__ci_last_regenerate|i:1594916962;'),('8atssgl7eo899l1109r0ah1o4b54ojkt','128.14.209.178',1594916963,'__ci_last_regenerate|i:1594916963;'),('14bap0gn7avtosjgvvr2tinadup0p7qp','196.49.19.32',1594917315,'__ci_last_regenerate|i:1594917315;'),('pcne9v4qhussit7gg1aiuk59cn13st2l','103.28.115.235',1594921873,'__ci_last_regenerate|i:1594921873;'),('p484chu8eq9cp3fl3h5rgmcnovpf25nl','178.119.35.105',1594921990,'__ci_last_regenerate|i:1594921990;'),('7s1lhclrjsfpmulo92iv39838i961ip5','185.39.11.105',1594922580,'__ci_last_regenerate|i:1594922580;'),('qbg64887jkfo63vbhquufsh2a0k4bjas','139.162.116.133',1594923554,'__ci_last_regenerate|i:1594923554;'),('g9ftbshm53kqf5jm34uvv4b3u3bc1mmg','196.49.19.32',1594925101,'__ci_last_regenerate|i:1594925101;'),('a6terfcvvo6brcjk0spi5e1d425n708r','192.35.168.242',1594926625,'__ci_last_regenerate|i:1594926625;'),('4o1m6aiqdvimdhi0snfkjvsc1pucgu2m','192.35.168.242',1594926626,'__ci_last_regenerate|i:1594926626;'),('kkq456r5c9lbmhbk0or1na59f59gjcbs','192.35.168.242',1594926627,'__ci_last_regenerate|i:1594926627;'),('9ite7g7eeeh30oho6m305rm1ud9j20oa','73.25.146.76',1594927069,'__ci_last_regenerate|i:1594927069;'),('g40k8u3p26h0ep3r15dsd9q919gpmgt7','86.109.43.115',1594927355,'__ci_last_regenerate|i:1594927355;'),('c3jeo8lavm9360f3gd50l5eblef8k5fi','192.241.237.203',1594927653,'__ci_last_regenerate|i:1594927653;'),('gip5fge1fmfnkq5r3sodpn3mlhveb9df','194.15.36.37',1594928014,'__ci_last_regenerate|i:1594928014;'),('egrnd9dei8tbr408nc2k005e44m9gb2u','196.49.19.32',1594929049,'__ci_last_regenerate|i:1594929049;'),('nk0r4ulpda8gt2du9pt5eukcbhmc4b2p','196.49.19.32',1594929276,'__ci_last_regenerate|i:1594929276;'),('7au4d2u6ra3sjcg5ie2fi9tn0qssfenb','51.15.191.81',1594929612,'__ci_last_regenerate|i:1594929612;'),('9rbfc38a5q1spcfitvhjcsc73e21ag1i','178.132.200.86',1594930757,'__ci_last_regenerate|i:1594930757;'),('jdt2il18m6dv0lho38liiklnlpj6d66p','178.132.200.86',1594930758,'__ci_last_regenerate|i:1594930758;'),('5dr9k267sildpk4lpr8infio1ame12id','178.132.200.86',1594931510,'__ci_last_regenerate|i:1594931510;'),('eup76qppod0uc2u3djq89giv2vcvbtd3','178.132.200.86',1594931511,'__ci_last_regenerate|i:1594931511;'),('h9hsh4lv554i258f03r8ucpbeke3uacr','193.118.53.194',1594938155,'__ci_last_regenerate|i:1594938155;'),('f9l2s9534c4b7d01oeeo7srj20uubg4d','88.247.53.170',1594939779,'__ci_last_regenerate|i:1594939779;'),('950tpg3ugld8ml1hk5gaoaogq61cugra','196.49.19.32',1594943118,'__ci_last_regenerate|i:1594943118;'),('d4dfh9cposunadrfffms9cuejmq00que','196.49.19.32',1594944845,'__ci_last_regenerate|i:1594944845;'),('fo2uk3ee84ctpod2qiif93c90c5d79ht','89.40.73.233',1594945691,'__ci_last_regenerate|i:1594945691;'),('4cu18ak9bepq6qd8kafheldbiq4h8avf','74.82.47.3',1594947024,'__ci_last_regenerate|i:1594947024;'),('7mhjgghhvk11a4cu32ig93uqe50q9hp1','167.71.215.3',1594950698,'__ci_last_regenerate|i:1594950698;'),('u1g4uc0hhel4hvanl1576adm1515lgbh','167.71.215.3',1594950698,'__ci_last_regenerate|i:1594950698;'),('vm5vvs48279cdqu5o6nq7ssert2p8r3b','167.71.215.3',1594950698,'__ci_last_regenerate|i:1594950698;'),('h3i7d0bfupggudk4jh5v4dkb8svp5hab','167.71.215.3',1594950698,'__ci_last_regenerate|i:1594950698;'),('ldu4nsvhrd9ohnnj5lntgbna7r9vrfg7','167.71.215.3',1594950698,'__ci_last_regenerate|i:1594950698;'),('t61vd03k1v70u90j5e2pilrion4fq917','167.71.215.3',1594950699,'__ci_last_regenerate|i:1594950699;'),('ovkh7mc02b340ugck0k0a6qub2ljkrl5','167.71.215.3',1594950699,'__ci_last_regenerate|i:1594950699;'),('pj1rq4j30j41qrndqom11q2i2agphts1','167.71.215.3',1594950699,'__ci_last_regenerate|i:1594950699;'),('6o7eo2igo17rpfb4ct5l1u1gjgenrmbq','167.71.215.3',1594950699,'__ci_last_regenerate|i:1594950699;'),('14cdom0j2uukc0ims51ao308c3v1c41c','167.71.215.3',1594950699,'__ci_last_regenerate|i:1594950699;'),('b2e2itepaagdoc1a1d9lqjfj53ntgv8p','167.71.215.3',1594950699,'__ci_last_regenerate|i:1594950699;'),('n1c3r7579bksjqreb1cl75gpcceev3ve','167.71.215.3',1594950700,'__ci_last_regenerate|i:1594950700;'),('8oj850tvn6rvnhbg01b5jb73ha3td0d2','197.189.230.26',1594952590,'__ci_last_regenerate|i:1594952590;'),('nhtchrslpsk5s085toijhu6of533qifn','52.175.238.22',1594952846,'__ci_last_regenerate|i:1594952846;'),('uglcmqg697p37ubj7uss02kfu9j0ivg4','52.175.238.22',1594952851,'__ci_last_regenerate|i:1594952851;'),('ethuu4esbnjgqpldeksdn9oq3ro17nvg','197.189.230.26',1594953473,'__ci_last_regenerate|i:1594953473;'),('pdnrm6chu2s5q7nsl8p51bq9lcic7cun','197.189.230.26',1594953953,'__ci_last_regenerate|i:1594953953;'),('6bk0omiroeb50vv05is269pg5so6dgu9','132.255.56.57',1594954287,'__ci_last_regenerate|i:1594954287;'),('kvn2b9dcoeia49dkp1vugoutj67rgi7n','3.122.104.130',1594954314,'__ci_last_regenerate|i:1594954314;'),('4dkfpn9ji7jk5io3rag0nckpq7l7e63r','3.122.104.130',1594954315,'__ci_last_regenerate|i:1594954315;'),('b3unppkaeikkec239436910meivp86dg','157.245.43.135',1594954795,'__ci_last_regenerate|i:1594954795;'),('7m7717nglnj48unoekphqd85duodfjq7','167.172.212.14',1594954889,'__ci_last_regenerate|i:1594954889;'),('cpt1mmcbck7tq6s4k3obeb33a2gje01i','196.49.19.32',1594956308,'__ci_last_regenerate|i:1594956308;'),('ed1hsmc0uq20d8oc361d8cul2ld6bpgg','197.189.230.26',1594957102,'__ci_last_regenerate|i:1594957102;'),('efgeta6ohns13lu44ubhtiptggg83tp4','197.189.230.26',1594957412,'__ci_last_regenerate|i:1594957412;'),('5mbsi9ociu2mupt6333prfvcircu5smu','125.165.127.235',1594961441,'__ci_last_regenerate|i:1594961441;'),('strm3jsk69j1tkbeeqvde50dpsoa988a','36.85.218.159',1594961689,'__ci_last_regenerate|i:1594961689;'),('v54g43tq30tqvs3hkv9tgn5lgphqovcc','36.85.218.159',1594961690,'__ci_last_regenerate|i:1594961690;'),('kqigj9sm822id6d9k7pank3f7f032c1v','192.35.168.217',1594963795,'__ci_last_regenerate|i:1594963795;'),('16ea09kkb1h7o8elftgjha2b49ducqp1','192.35.168.217',1594963796,'__ci_last_regenerate|i:1594963796;'),('dpe25jk7jgh0vldsjqn8n0ae7a7615bm','192.35.168.217',1594963798,'__ci_last_regenerate|i:1594963798;'),('sr48ofc7lvk1b988ld38rgtr821cp919','115.231.218.252',1594964075,'__ci_last_regenerate|i:1594964075;'),('0k0o0inneigi6gfdgrp0q78fdk0hg76i','195.54.160.21',1594964295,'__ci_last_regenerate|i:1594964295;'),('rrgri6jqgt542aop07nja5g0d4bbcqtu','195.54.160.21',1594964959,'__ci_last_regenerate|i:1594964959;'),('htjeq975kohvtfbdr55ma8f6me8qempl','195.54.160.21',1594964965,'__ci_last_regenerate|i:1594964965;'),('nkkj4rcrflts0e9d86vv2g1shm3qftuc','27.111.32.162',1594966399,'__ci_last_regenerate|i:1594966399;nip|s:18:\"197403022001121001\";nama_lengkap|s:26:\"Ade Sulyansah, S.Sos, M.Si\";nik|s:26:\"Ade Sulyansah, S.Sos, M.Si\";id_golongan|s:1:\"9\";id_tipefungsional|s:1:\"1\";golongan|s:4:\"IV.e\";tipe_fungsional|s:11:\"Widyaiswara\";login|b:1;is_dupak|i:1;photo|s:25:\"197403022001121001-170720\";last_login|s:19:\"2020-07-17 05:58:40\";'),('mla8p6754kbf8n9st74ruiinkjb777i7','195.54.160.21',1594965775,'__ci_last_regenerate|i:1594965775;'),('l3crankg8ke4tk3jevta7k54fr2jt6qv','195.54.160.21',1594965776,'__ci_last_regenerate|i:1594965776;'),('ii67s06iv0c899hnitd2qd0o8l0m19t0','27.111.32.162',1594967456,'__ci_last_regenerate|i:1594967456;nip|s:18:\"197403022001121001\";nama_lengkap|s:26:\"Ade Sulyansah, S.Sos, M.Si\";nik|s:26:\"Ade Sulyansah, S.Sos, M.Si\";id_golongan|s:1:\"9\";id_tipefungsional|s:1:\"1\";golongan|s:4:\"IV.e\";tipe_fungsional|s:11:\"Widyaiswara\";login|b:1;is_dupak|i:1;photo|s:29:\"197403022001121001-170720.png\";last_login|s:19:\"2020-07-17 05:58:40\";'),('8poa34g38g80clggcbg1508ema8vbffd','195.54.160.21',1594966081,'__ci_last_regenerate|i:1594966081;'),('13n9nh49i3cl7oi546sh7kf9junrmb5l','195.54.160.21',1594966082,'__ci_last_regenerate|i:1594966082;'),('fp8qr76cvffutjthk9or5no2e4cv54qi','27.111.32.162',1594969646,'__ci_last_regenerate|i:1594969646;nip|s:18:\"197403022001121001\";nama_lengkap|s:26:\"Ade Sulyansah, S.Sos, M.Si\";nik|s:26:\"Ade Sulyansah, S.Sos, M.Si\";id_golongan|s:1:\"9\";id_tipefungsional|s:1:\"1\";golongan|s:4:\"IV.e\";tipe_fungsional|s:11:\"Widyaiswara\";login|b:1;is_dupak|i:1;photo|s:29:\"197403022001121001-170720.png\";last_login|s:19:\"2020-07-17 05:58:40\";'),('akcc68e57nt73tccgh3ago5mf15bpp51','192.241.238.210',1594967472,'__ci_last_regenerate|i:1594967472;'),('j06i1v7ggp4qqjpra86itpemfbfj61vm','196.49.19.32',1594968626,'__ci_last_regenerate|i:1594968626;'),('2vots70b8qslec7gthm2svs154v2ia9i','212.21.20.154',1594968676,'__ci_last_regenerate|i:1594968676;'),('919jn1be8ebu6bab4dr1eocs3mr8bavv','27.111.32.162',1594974644,'__ci_last_regenerate|i:1594974644;nip|s:18:\"197403022001121001\";nama_lengkap|s:26:\"Ade Sulyansah, S.Sos, M.Si\";nik|s:26:\"Ade Sulyansah, S.Sos, M.Si\";id_golongan|s:1:\"9\";id_tipefungsional|s:1:\"1\";golongan|s:4:\"IV.e\";tipe_fungsional|s:11:\"Widyaiswara\";login|b:1;is_dupak|i:1;photo|s:29:\"197403022001121001-170720.png\";last_login|s:19:\"2020-07-17 05:58:40\";'),('neoijkqfch2htgmq4844h9r7f8iu0u4e','128.14.134.134',1594970035,'__ci_last_regenerate|i:1594970035;'),('g7ic7fuah1ji9qpddbi4glm3eultebuo','128.14.134.134',1594970038,'__ci_last_regenerate|i:1594970038;'),('llnohe0mf39obevbdig180qi0ma8ncp9','89.40.73.245',1594970607,'__ci_last_regenerate|i:1594970607;'),('j4rncokk5hpamngg18imd1u9rh74fefc','27.111.32.162',1594971878,'__ci_last_regenerate|i:1594971875;'),('psocv625opicetnnm2a0ujsf2o0091m1','27.111.32.162',1594973968,'__ci_last_regenerate|i:1594973968;nip|N;nama_lengkap|N;nik|N;login|b:1;is_admin|i:1;'),('8d0d9oor3pp9sfa5n8ejlhjtrbqesdb1','27.111.32.162',1594973833,'__ci_last_regenerate|i:1594973833;nip|s:18:\"198007122008122002\";nama_lengkap|s:13:\"Dinda Lestari\";nik|s:13:\"Dinda Lestari\";id_golongan|s:1:\"2\";id_tipefungsional|s:1:\"1\";golongan|s:5:\"III.c\";tipe_fungsional|s:11:\"Widyaiswara\";login|b:1;is_dupak|i:1;photo|s:29:\"198007122008122002-170720.jpg\";last_login|s:19:\"2020-07-17 07:53:00\";'),('t1ht2db0nte936rg9iogh0ukr3id61sj','196.49.19.32',1594972666,'__ci_last_regenerate|i:1594972666;'),('l9plqvg2ah9kthbpchmuse1035gks09m','177.11.138.151',1594972438,'__ci_last_regenerate|i:1594972438;'),('64htqjv59lgmi5lpr0sepplomen2disv','196.52.43.113',1594972789,'__ci_last_regenerate|i:1594972789;'),('lfqmt0r7iglee20mj5f81rqcd22fokav','196.52.43.113',1594972790,'__ci_last_regenerate|i:1594972790;'),('0d8cutrt8mqrvvcin0448m6v5ddnu7du','196.49.19.32',1594973185,'__ci_last_regenerate|i:1594973185;'),('h7vkdj5i073buasq5kupsqt98omk5keu','209.126.3.185',1594973277,'__ci_last_regenerate|i:1594973277;'),('fgs7levms9jo26tmeutejp6namhl96dm','209.126.3.185',1594973661,'__ci_last_regenerate|i:1594973661;'),('gpk7iqmcl0ul2iuvifadrqs3fqj54ujr','27.111.32.162',1594977361,'__ci_last_regenerate|i:1594977361;nip|s:18:\"198007122008122002\";nama_lengkap|s:13:\"Dinda Lestari\";nik|s:13:\"Dinda Lestari\";id_golongan|s:1:\"2\";id_tipefungsional|s:1:\"1\";golongan|s:5:\"III.c\";tipe_fungsional|s:11:\"Widyaiswara\";login|b:1;is_dupak|i:1;photo|s:29:\"198007122008122002-170720.jpg\";last_login|s:19:\"2020-07-17 07:53:00\";'),('e7g1d50do78lqgiqei8bk4t82u5iea2p','27.111.32.162',1594975434,'__ci_last_regenerate|i:1594975434;nip|N;nama_lengkap|N;nik|N;login|b:1;is_admin|i:1;'),('vctthkfhal8tb9l6gkeieajin0dhoh4r','196.49.19.32',1594973981,'__ci_last_regenerate|i:1594973981;'),('pr0siv7a0d6gf99h5iij7fju0842ru4r','27.111.32.162',1594975289,'__ci_last_regenerate|i:1594975289;nip|s:18:\"197403022001121001\";nama_lengkap|s:26:\"Ade Sulyansah, S.Sos, M.Si\";nik|s:26:\"Ade Sulyansah, S.Sos, M.Si\";id_golongan|s:1:\"9\";id_tipefungsional|s:1:\"1\";golongan|s:4:\"IV.e\";tipe_fungsional|s:11:\"Widyaiswara\";login|b:1;is_penguji|i:1;'),('5qs26ugi35c4r342kcqfkp0c6a5fsf3q','27.111.32.162',1594980900,'__ci_last_regenerate|i:1594980900;nip|s:18:\"197403022001121001\";nama_lengkap|s:26:\"Ade Sulyansah, S.Sos, M.Si\";nik|s:26:\"Ade Sulyansah, S.Sos, M.Si\";id_golongan|s:1:\"9\";id_tipefungsional|s:1:\"1\";golongan|s:4:\"IV.e\";tipe_fungsional|s:11:\"Widyaiswara\";login|b:1;is_dupak|i:1;photo|s:29:\"197403022001121001-170720.png\";last_login|s:19:\"2020-07-17 05:58:40\";'),('4948sltug8d7kmpddesamifup25mrpd8','196.49.19.32',1594974833,'__ci_last_regenerate|i:1594974833;'),('l22a5vmsjq44d4eh1i0lnbfpqadhmr9g','27.111.32.162',1594976467,'__ci_last_regenerate|i:1594976467;nip|s:18:\"198007122008122002\";nama_lengkap|s:13:\"Dinda Lestari\";nik|s:13:\"Dinda Lestari\";id_golongan|s:1:\"2\";id_tipefungsional|s:1:\"1\";golongan|s:5:\"III.c\";tipe_fungsional|s:11:\"Widyaiswara\";login|b:1;is_dupak|i:1;photo|s:29:\"198007122008122002-170720.jpg\";last_login|s:19:\"2020-07-17 08:44:09\";'),('big2rikjt0o91h0u2p48g6retakihvpa','27.111.32.162',1594977440,'__ci_last_regenerate|i:1594977440;nip|N;nama_lengkap|N;nik|N;login|b:1;is_admin|i:1;'),('475mvllorsijlq18vnhtkemqelsapt6k','27.111.32.162',1594976467,'__ci_last_regenerate|i:1594976467;'),('rhvf7h3itrtuo55qb07polnlgvag608b','27.111.32.162',1594976468,'__ci_last_regenerate|i:1594976468;'),('g6sd71aq0k1o2p5cr2jkla031c8sgsnr','27.111.32.162',1594977350,'__ci_last_regenerate|i:1594977182;nip|N;nama_lengkap|N;nik|N;login|b:1;is_admin|i:1;'),('bgf2m489imguuqdh5n13laje06catu4t','139.255.69.149',1594980371,'__ci_last_regenerate|i:1594980371;'),('h6fk3tgbsm8lvbth9i5sif0m4segulk4','27.111.32.162',1594977468,'__ci_last_regenerate|i:1594977440;nip|N;nama_lengkap|N;nik|N;login|b:1;is_admin|i:1;'),('dp81sii6qlo9mcpgi6crt77hqk0ocemt','182.2.171.81',1594978238,'__ci_last_regenerate|i:1594978238;'),('e2n31c9maj23o859v5osd2qrfrechfca','195.54.160.21',1594978426,'__ci_last_regenerate|i:1594978426;'),('qrc95q79h5t5843konvksvpo63ae886a','27.111.32.162',1594977513,'__ci_last_regenerate|i:1594977495;nip|s:18:\"197403022001121001\";nama_lengkap|s:26:\"Ade Sulyansah, S.Sos, M.Si\";nik|s:26:\"Ade Sulyansah, S.Sos, M.Si\";id_golongan|s:1:\"9\";id_tipefungsional|s:1:\"1\";golongan|s:4:\"IV.e\";tipe_fungsional|s:11:\"Widyaiswara\";login|b:1;is_penguji|i:1;'),('02hh3sccke9fdivvu05e9n2i3h22hmnh','197.189.230.26',1594980732,'__ci_last_regenerate|i:1594980732;'),('g9o92t99m9qo6rddd8apqnu5asv3rtq6','27.111.32.162',1594982292,'__ci_last_regenerate|i:1594982292;nip|s:18:\"197403022001121001\";nama_lengkap|s:26:\"Ade Sulyansah, S.Sos, M.Si\";nik|s:26:\"Ade Sulyansah, S.Sos, M.Si\";id_golongan|s:1:\"9\";id_tipefungsional|s:1:\"1\";golongan|s:4:\"IV.e\";tipe_fungsional|s:11:\"Widyaiswara\";login|b:1;is_dupak|i:1;photo|s:29:\"197403022001121001-170720.png\";last_login|s:19:\"2020-07-17 05:58:40\";is_penguji|i:1;'),('loc8pactnr5u440ohjg02vube8ppueb2','27.111.32.162',1594983338,'__ci_last_regenerate|i:1594983338;nip|s:18:\"197403022001121001\";nama_lengkap|s:26:\"Ade Sulyansah, S.Sos, M.Si\";nik|s:26:\"Ade Sulyansah, S.Sos, M.Si\";id_golongan|s:1:\"9\";id_tipefungsional|s:1:\"1\";golongan|s:4:\"IV.e\";tipe_fungsional|s:11:\"Widyaiswara\";login|b:1;is_dupak|i:1;photo|s:29:\"197403022001121001-170720.png\";last_login|s:19:\"2020-07-17 05:58:40\";is_penguji|i:1;'),('lghkr720gh0q9ludd5karmib0nihhlh3','103.28.115.235',1594982716,'__ci_last_regenerate|i:1594982716;'),('krijjsa4sr381jjrbh8br1usv6epol3f','27.111.32.162',1594984463,'__ci_last_regenerate|i:1594984463;nip|s:18:\"197403022001121001\";nama_lengkap|s:26:\"Ade Sulyansah, S.Sos, M.Si\";nik|s:26:\"Ade Sulyansah, S.Sos, M.Si\";id_golongan|s:1:\"9\";id_tipefungsional|s:1:\"1\";golongan|s:4:\"IV.e\";tipe_fungsional|s:11:\"Widyaiswara\";login|b:1;is_dupak|i:1;photo|s:29:\"197403022001121001-170720.png\";last_login|s:19:\"2020-07-17 05:58:40\";is_penguji|i:1;'),('v5loh1e4duoiu1nqli9eujgmk21m11s1','197.189.230.26',1594983689,'__ci_last_regenerate|i:1594983689;'),('cgkksjm11bn5o5jblbioas1klbo1q2cl','27.111.32.162',1594984463,'__ci_last_regenerate|i:1594984463;nip|s:18:\"197403022001121001\";nama_lengkap|s:26:\"Ade Sulyansah, S.Sos, M.Si\";nik|s:26:\"Ade Sulyansah, S.Sos, M.Si\";id_golongan|s:1:\"9\";id_tipefungsional|s:1:\"1\";golongan|s:4:\"IV.e\";tipe_fungsional|s:11:\"Widyaiswara\";login|b:1;is_dupak|i:1;photo|s:29:\"197403022001121001-170720.png\";last_login|s:19:\"2020-07-17 05:58:40\";is_penguji|i:1;'),('8sjdn3khbdm0euqdq8cl96ih9hikkbr9','192.241.238.17',1594986459,'__ci_last_regenerate|i:1594986459;'),('99kv9kaj21u5tceiqg519fnt6jvuqa5o','196.49.19.32',1594988534,'__ci_last_regenerate|i:1594988534;'),('nhf4jjarkjhtk84pljahcnnhvjkk1h97','197.189.230.26',1594988921,'__ci_last_regenerate|i:1594988921;'),('gef103h6ekc7jpvnbaupokijf42ke4e9','139.162.119.197',1594989400,'__ci_last_regenerate|i:1594989400;'),('ik5f8jpgbcqks1ojj2eh4cfuqg71kcat','128.14.133.58',1594993619,'__ci_last_regenerate|i:1594993619;'),('182r0nv56qc21tpkq9j56n96q1dif5rh','89.35.39.201',1594999601,'__ci_last_regenerate|i:1594999601;'),('9jl48ouq2ftvtoot86ncbmqs1eopukoa','138.255.15.94',1595000931,'__ci_last_regenerate|i:1595000931;'),('1rjub8rmkimgbvbf9otegjgh42ir2mc3','103.28.115.235',1595002613,'__ci_last_regenerate|i:1595002613;'),('6l2jth3v11o4p1t2dmn1nbh5f2jgncvr','162.243.129.77',1595002858,'__ci_last_regenerate|i:1595002858;'),('t3jjk7he3had0u0du4ogl1s6etehvqua','196.49.19.32',1595003010,'__ci_last_regenerate|i:1595003010;'),('1af3m5stj8l3vkkop3itc347nb2i68jl','104.244.78.107',1595004085,'__ci_last_regenerate|i:1595004085;'),('8dcse5gebru60ibva0t5s9vpmjk4f7qq','196.49.19.32',1595004392,'__ci_last_regenerate|i:1595004392;'),('tcbp5rasfar14vokj13cijljcgj73u14','177.126.151.233',1595004427,'__ci_last_regenerate|i:1595004427;'),('08g5micv5cv4hqiovbu3vltinj97gasv','128.14.133.58',1595004641,'__ci_last_regenerate|i:1595004641;'),('uhu2ld2lnhojiqdv11hd4tvdasu2eok3','102.184.245.43',1595005991,'__ci_last_regenerate|i:1595005991;'),('dr683fjbl81qdpk2lu58ak7sfc3oqh1u','84.241.32.103',1595006256,'__ci_last_regenerate|i:1595006256;'),('e4lr4lru4q797pj7461gegdp38bg3c92','109.235.185.121',1595009582,'__ci_last_regenerate|i:1595009582;'),('tfjcklp9g240hk2e2ti6old7afm9feir','128.14.134.134',1595012093,'__ci_last_regenerate|i:1595012093;'),('dm3tf0kicddnn9u14eqiqin2ggprk4lj','61.7.141.142',1595018224,'__ci_last_regenerate|i:1595018224;'),('dordqbc42em8r8i12fv942tmortgbkaj','45.148.10.97',1595022374,'__ci_last_regenerate|i:1595022374;'),('ups3kpel7cpu6bumb2l53rrqc9tuil53','197.189.230.26',1595024116,'__ci_last_regenerate|i:1595024116;'),('ihb3qt30j4e25vhe4geuolast8vo67ag','192.241.232.162',1595024131,'__ci_last_regenerate|i:1595024131;'),('0q8c65a4fri971rli0n5q63uje249qq2','93.171.79.219',1595025988,'__ci_last_regenerate|i:1595025988;'),('eernptq3ikgqkcgno357tu9fj99r88fs','3.120.225.227',1595026248,'__ci_last_regenerate|i:1595026248;'),('i0q9jeo7ceu3g0t1h1nnsrknncdc2or8','3.120.225.227',1595026249,'__ci_last_regenerate|i:1595026249;'),('scbgproneqafbtei7evg8us9p40na19s','103.28.115.235',1595031128,'__ci_last_regenerate|i:1595031128;'),('vo11j7h1l7crsrnsamkc1scpro7aavne','180.120.183.5',1595032716,'__ci_last_regenerate|i:1595032624;'),('dvgss698rt64vult07qjesskl4pckn03','216.218.206.68',1595032655,'__ci_last_regenerate|i:1595032655;'),('9h6u44el75bc8mrd7u3e7klaj6pk0frs','168.195.227.86',1595032787,'__ci_last_regenerate|i:1595032787;'),('i9dlc1ntnegj5i8osns2rb7pl20ti74c','45.148.10.97',1595033857,'__ci_last_regenerate|i:1595033857;'),('v9rdjcu5i90d9mjtoi77nkpj05f786ml','37.146.141.250',1595034110,'__ci_last_regenerate|i:1595034110;'),('pav4kcsqvplpkriqbf86kskp57he1lvl','197.189.230.26',1595034292,'__ci_last_regenerate|i:1595034292;'),('gcj8r9qmv045h536a11n3tmq6g9ii2mb','103.119.167.5',1595034844,'__ci_last_regenerate|i:1595034844;'),('l0l8skvhah4hv98ojuppg34m0b2ltout','197.189.230.26',1595040255,'__ci_last_regenerate|i:1595040255;'),('76arkubhk7u7nvpb58kqcom6o487jfhu','195.54.160.21',1595042462,'__ci_last_regenerate|i:1595042462;'),('ne85mvaurvfn95f127t86pd5f4psjhv3','195.54.160.21',1595042580,'__ci_last_regenerate|i:1595042580;'),('28g6jkmr9sfuev47lcs8f68k5m1gj9ff','195.54.160.21',1595042586,'__ci_last_regenerate|i:1595042586;'),('sqtea69pus0ipenn3k7rdq054oehj9g0','195.54.160.21',1595042770,'__ci_last_regenerate|i:1595042770;'),('vtphgsr95ps3qvl2fiti23ovr9vhfv50','195.54.160.21',1595042771,'__ci_last_regenerate|i:1595042771;'),('bfhudpsku5qfmfmhjpshuqrhq2spnjs0','195.54.160.21',1595042835,'__ci_last_regenerate|i:1595042835;'),('1ogrkejnclpeu4dd99dgo5h2g37hgji8','195.54.160.21',1595042836,'__ci_last_regenerate|i:1595042836;'),('du3u0tl7ghrrpsrs6quhe212k418f8nk','109.191.175.19',1595044325,'__ci_last_regenerate|i:1595044325;'),('ap0s126v6ts0q3eep6brv0oer42nm37p','195.54.160.21',1595045673,'__ci_last_regenerate|i:1595045673;'),('698lmpbu878ns6c8r1vn22h0o4blcdhm','210.56.16.67',1595048762,'__ci_last_regenerate|i:1595048762;'),('d2fc31dei78tubd6lngs5fm0dmq0qveu','172.104.108.109',1595050369,'__ci_last_regenerate|i:1595050369;'),('eo4v76jimnie8hal4bortksdsebic5n4','185.39.11.105',1595050761,'__ci_last_regenerate|i:1595050761;'),('3ba3qrmk02d1i7p9opmcfsssduipb6h0','35.225.152.97',1595051108,'__ci_last_regenerate|i:1595051108;'),('mmceq4d2l479iqucrn63gcd4toikrlai','35.225.152.97',1595051109,'__ci_last_regenerate|i:1595051109;'),('o7ba8p8i347koval9c5r5obod8tipid8','35.225.152.97',1595051639,'__ci_last_regenerate|i:1595051639;'),('rqph9m28mk8itm6g88lmvtq81p9fk74i','35.225.152.97',1595051640,'__ci_last_regenerate|i:1595051640;'),('m0in4cjp38r78vlka27i87v3m86m7pd9','190.7.56.42',1595052144,'__ci_last_regenerate|i:1595052144;'),('5r2bk1gjiu0h6j5emf6nu0mlt9q1299o','190.7.56.42',1595052145,'__ci_last_regenerate|i:1595052145;'),('aplmc0lhg0537uk29vo63ao99ip72hei','190.7.56.42',1595052146,'__ci_last_regenerate|i:1595052146;'),('rq25qikqdbn2tt0ob6qsmbvcgcoibh7u','190.7.56.42',1595052147,'__ci_last_regenerate|i:1595052147;'),('pop7s6emkg78l0qnq2kk0mld9dr05q3i','190.7.56.42',1595052149,'__ci_last_regenerate|i:1595052149;'),('b6us3nfvmj7iac21uvs08fpssjevau89','197.189.230.26',1595052532,'__ci_last_regenerate|i:1595052532;'),('29vgfaicsrbr21cr55540554r15p7e2r','106.118.211.161',1595052660,'__ci_last_regenerate|i:1595052660;'),('s26po2tviiqohona81rg9h2p5lsmov1e','195.54.160.21',1595052748,'__ci_last_regenerate|i:1595052748;'),('j9t22crf4dbp30gc8tm44tda04hutgrf','196.49.19.32',1595053377,'__ci_last_regenerate|i:1595053377;'),('0m0p04vqtltfdbf9nr75mdoenohtunc9','192.241.223.75',1595053932,'__ci_last_regenerate|i:1595053932;'),('93k07pb7j39e2f66rb5f5n52j1sj2i2u','128.14.133.58',1595053971,'__ci_last_regenerate|i:1595053971;'),('8e95d3hmukaefttniade0rks51v75332','195.54.160.21',1595054085,'__ci_last_regenerate|i:1595054085;'),('8imnfceetumf4pnhdihas4amaokk9hb9','116.206.13.166',1595055459,'__ci_last_regenerate|i:1595055459;'),('ebucdth71e9uljofpbd08kfdb354acp1','116.206.13.166',1595055460,'__ci_last_regenerate|i:1595055460;'),('u9f2h2e63ensuab4gssn3o62ms9t89nq','116.206.13.166',1595055463,'__ci_last_regenerate|i:1595055463;'),('gradb9qu87i574ssfp0lle423khp61dr','116.206.13.166',1595055463,'__ci_last_regenerate|i:1595055463;'),('56qljdbue9oiab6gq3k41fuqolncp7d7','116.206.13.166',1595055464,'__ci_last_regenerate|i:1595055464;'),('aamckaa921dghlrlefgg5d9vluhphk5k','182.0.171.115',1595055480,'__ci_last_regenerate|i:1595055480;'),('o302ub1tnt7a9f96thfk14u2f0spofsv','51.254.59.113',1595055679,'__ci_last_regenerate|i:1595055679;'),('33vham96icvhnnpecasmdlo1gn0g6u75','109.233.196.232',1595056716,'__ci_last_regenerate|i:1595056716;'),('k286a0oh06163n5jcu30hu9ofj81qmlr','196.49.19.32',1595057419,'__ci_last_regenerate|i:1595057419;'),('cdeh4to7lok31d2qrr03dicgservccu9','196.49.19.32',1595058256,'__ci_last_regenerate|i:1595058256;'),('3c2mu70nqd1c0s1a84lfkdnllfb7ahiq','47.105.48.137',1595058824,'__ci_last_regenerate|i:1595058824;'),('ml4phog9ppibd3dul5utpt1brpnuhb2i','47.105.48.137',1595058825,'__ci_last_regenerate|i:1595058825;'),('f185bbfn3tnoqigakcva5n471fc7f3a1','47.105.48.137',1595058826,'__ci_last_regenerate|i:1595058826;'),('verva8u061kvhd10oot1085hk1174qbb','47.105.48.137',1595058827,'__ci_last_regenerate|i:1595058827;'),('gqh4em6766lv2ffo6f2ujchqbqf69eac','47.105.48.137',1595058830,'__ci_last_regenerate|i:1595058830;'),('mluok8d0bvd91s4vn6tbh6mht9q540c5','103.28.115.235',1595059200,'__ci_last_regenerate|i:1595059200;'),('nrlpbr3e8r5u421t1lrgmdvjgq5lk5k6','196.49.19.32',1595059468,'__ci_last_regenerate|i:1595059468;'),('ue8lgsoquaesdot8dfr0uafbujt6sh7q','200.124.195.172',1595060372,'__ci_last_regenerate|i:1595060372;'),('rts643k1fia9vmgmged6g1sirpueieml','197.189.230.26',1595061231,'__ci_last_regenerate|i:1595061231;'),('l9fs5shrbap2bq9au7pjejh643p1jcl8','180.125.116.181',1595061532,'__ci_last_regenerate|i:1595061480;'),('10rorn3b5p3gfvconhk7gdr0va3qco7j','195.54.160.21',1595062151,'__ci_last_regenerate|i:1595062151;'),('rurjmpntaub16l35gau56v1ugtbk4k3b','195.54.160.21',1595062159,'__ci_last_regenerate|i:1595062159;'),('vo5g3i9h05un7errv6urr5lqf62nr31u','195.54.160.21',1595062167,'__ci_last_regenerate|i:1595062167;'),('amjpnsarptq2i3muhchmec16tou14km7','195.54.160.21',1595062170,'__ci_last_regenerate|i:1595062170;'),('jgj6t2use7ecag3i6rbd8ep55dd1qqdq','195.54.160.21',1595062228,'__ci_last_regenerate|i:1595062228;'),('pak8kqjqvgdvlelrb20fe5h3057rtniq','195.54.160.21',1595062999,'__ci_last_regenerate|i:1595062999;'),('ktb2a5go0ce0r6lf942u0e0rpc7mp5um','195.54.160.21',1595062999,'__ci_last_regenerate|i:1595062999;'),('qvve0qhq6bp0vo2t012bn4djpa4osj4m','80.82.70.140',1595065306,'__ci_last_regenerate|i:1595065306;'),('8mhdma7abj96efo68vvpulonrfspfphg','182.0.169.82',1595066433,'__ci_last_regenerate|i:1595066433;'),('76jeil0k3t5889carp8avs4sdcdo5i8n','116.206.13.94',1595066506,'__ci_last_regenerate|i:1595066506;'),('180k9r71lu0rj4mqki4flcs4rj8op6sq','89.40.73.238',1595067726,'__ci_last_regenerate|i:1595067726;'),('cbp473h46i1iepd05itqg2apv93295be','103.58.249.21',1595068891,'__ci_last_regenerate|i:1595068891;'),('9se7kgn9jok3n3ri6fpel45uv7v40q3b','114.5.250.125',1595069103,'__ci_last_regenerate|i:1595069103;'),('iv601q9vqpto0r1jt0gf3e3j88umndah','37.252.88.253',1595069943,'__ci_last_regenerate|i:1595069943;'),('qeec4uledpvepor1dal28akacfkc8bcl','45.148.10.97',1595072219,'__ci_last_regenerate|i:1595072219;'),('o8rd3f9skla4ns36m464rl1103d68jt9','116.86.206.30',1595073383,'__ci_last_regenerate|i:1595073383;'),('kmekajt2csjtkdakqohnai9sdjrjhrjq','157.61.211.110',1595074419,'__ci_last_regenerate|i:1595074419;'),('j1l6k4dgfj7ngoh4hpefbc9qlvndajen','157.61.211.110',1595074421,'__ci_last_regenerate|i:1595074421;'),('35q622jludf9ile45d1tkd825uo7vau1','103.28.115.235',1595078174,'__ci_last_regenerate|i:1595078174;'),('m6jgtoh4t2d07gqr687n2adnbmni7u3f','197.189.230.26',1595078206,'__ci_last_regenerate|i:1595078206;'),('djgmgenfgb5jn3l1vv0bre450tfi7m8m','185.39.11.105',1595080848,'__ci_last_regenerate|i:1595080848;'),('6rj3ve99i69pdriqt5bo2ufqg0esisc2','197.189.230.26',1595083337,'__ci_last_regenerate|i:1595083337;'),('piuqvqaq2noj7hjajlb7kmeemrbq0f5r','196.52.43.62',1595084998,'__ci_last_regenerate|i:1595084998;'),('truh1pddi1dacrbjsqqjp86a4rosuj7t','196.52.43.62',1595085000,'__ci_last_regenerate|i:1595085000;'),('ab8vjj8h3djjigbt7qk2nqpe0pbgm60q','195.54.160.21',1595085340,'__ci_last_regenerate|i:1595085340;'),('bji9m1q63lcofn7cfh27l8qb95r02e0q','195.54.160.21',1595085368,'__ci_last_regenerate|i:1595085368;'),('7642ol1jpblr16bldskl5c2pnbp26fun','195.54.160.21',1595085374,'__ci_last_regenerate|i:1595085374;'),('616kek88qobc9kvp8d92s1ljcp7bqcnh','195.54.160.21',1595085408,'__ci_last_regenerate|i:1595085408;'),('08hfbskqobf5atehisejjq2p7lebcsqb','195.54.160.21',1595085409,'__ci_last_regenerate|i:1595085409;'),('2hor897d7k257kukvhf5v3h50uml5jka','195.54.160.21',1595085426,'__ci_last_regenerate|i:1595085426;'),('lpmlopbmhsl4gpmbng3dvbo3l0gv9t7h','195.54.160.21',1595085427,'__ci_last_regenerate|i:1595085427;'),('ghlgdvbbvb1quieaftgqjb3n2n3sjoet','139.162.106.181',1595085918,'__ci_last_regenerate|i:1595085918;'),('shml96rccooka3ss3v26vmvvocnc3qm1','195.54.160.21',1595086076,'__ci_last_regenerate|i:1595086076;'),('2bq7l47nkkbd1lpakukdgd4krm4ri73s','195.54.160.21',1595087630,'__ci_last_regenerate|i:1595087630;'),('43n5m6itj8bn946g3q1gi6fhki5k94vj','195.54.160.21',1595087959,'__ci_last_regenerate|i:1595087959;'),('t51nic88c31ub1c8aupv1rp05phveiee','139.162.153.76',1595089981,'__ci_last_regenerate|i:1595089981;'),('gj9vn8og7bjsd3kjj0af5c7h75qj4hmc','45.148.10.97',1595090555,'__ci_last_regenerate|i:1595090555;'),('gt6uvrsno9ei9ki3tqi7l57vkpq27jar','91.199.118.137',1595090855,'__ci_last_regenerate|i:1595090855;'),('kjt6nm6kqvjuf3sal0gsdlrt2d8d0d44','91.199.118.137',1595090855,'__ci_last_regenerate|i:1595090855;'),('210qq68817oclgd4f1jov72rfgqpa86j','91.199.118.137',1595090857,'__ci_last_regenerate|i:1595090857;'),('slniqoqgtg2ieo8nvil6r1km1ann0ftk','107.158.154.86',1595091883,'__ci_last_regenerate|i:1595091883;'),('24l9d2hsj6atp2v5ivc87pffhakko4gp','107.158.154.86',1595091886,'__ci_last_regenerate|i:1595091886;'),('ippuj5jik872fouqge5tn4o4pc03nnct','107.158.154.86',1595091886,'__ci_last_regenerate|i:1595091886;'),('jf5qvrlf1uq8a17jqd62tjq8lt7vpip4','107.158.154.86',1595091887,'__ci_last_regenerate|i:1595091887;'),('7jef70vq07qqleqe6o2plbdug1vbmmpt','107.158.154.86',1595091887,'__ci_last_regenerate|i:1595091887;'),('tham5micb441so3ca0offmshjf3lv8nk','107.158.154.86',1595091888,'__ci_last_regenerate|i:1595091888;'),('cr9j7ond832kh4q2shpm49aeknsde51t','80.82.70.140',1595092187,'__ci_last_regenerate|i:1595092187;'),('19u5gmr73skcea5ep965gk1dlgmbcdk2','192.241.238.240',1595093948,'__ci_last_regenerate|i:1595093948;'),('gtigc14skp88tomoivb2gng63a50rtrf','195.54.160.21',1595094920,'__ci_last_regenerate|i:1595094920;'),('hbvpluuiabbdc5htjfomt9n6pfk1qc64','196.49.19.32',1595097859,'__ci_last_regenerate|i:1595097859;'),('t65d0ul6v0j384no7cq5rehsbcpe5rq7','196.49.19.32',1595101328,'__ci_last_regenerate|i:1595101328;'),('dft5gu0302bctpf295640cb2citatqvq','5.182.210.206',1595101745,'__ci_last_regenerate|i:1595101745;'),('f41e75q5m0ske1qqktmbhej0trb7u6nt','5.182.210.206',1595101746,'__ci_last_regenerate|i:1595101746;'),('0huie94kt3u4pfqaupacrn2ur10shbsf','5.182.210.206',1595101757,'__ci_last_regenerate|i:1595101757;'),('cl9ohb293eprslus7eh54impebrmp6u6','5.182.210.206',1595101758,'__ci_last_regenerate|i:1595101758;'),('lrf0mb9cqbg93jtt9of7qaibkq5q0rbb','5.182.210.206',1595101770,'__ci_last_regenerate|i:1595101770;'),('nrj8jfs85lb5gbnhpgdma76qli47ckb0','5.182.210.206',1595101770,'__ci_last_regenerate|i:1595101770;'),('h1uj753gnfpklriqrkbqndvceoe5h386','196.49.19.32',1595101773,'__ci_last_regenerate|i:1595101773;'),('h6isvdfctvr4ud811k93j0tgaej1thhp','195.154.61.206',1595103947,'__ci_last_regenerate|i:1595103947;'),('p3ejh0dvnb0ugag6d88oe4lqq7jv1lc4','172.104.108.109',1595106393,'__ci_last_regenerate|i:1595106393;'),('a9oojbabmfalgs54mdv5bkbrgtd07kqv','114.220.127.69',1595106592,'__ci_last_regenerate|i:1595106553;'),('e8p0v37efmvel01deeee2pue7rqbd0o0','211.38.144.230',1595106759,'__ci_last_regenerate|i:1595106759;'),('tqdj82mnneujr833vrht99v5cic8trk2','91.108.156.171',1595107054,'__ci_last_regenerate|i:1595107054;'),('m4r2vbg5i1q5t95r3tgke34j3kmf7buv','80.82.70.140',1595109120,'__ci_last_regenerate|i:1595109120;'),('fu5iv983hb1ibp49svji7p6qr7719ink','197.189.230.26',1595111851,'__ci_last_regenerate|i:1595111851;'),('i8tv36trtdr2489gic3dg3br91hqte4u','192.35.168.195',1595112002,'__ci_last_regenerate|i:1595112002;'),('anv99loq0dl4h51hgh62ma0e9o51c5i9','192.35.168.195',1595112003,'__ci_last_regenerate|i:1595112003;'),('u8pj4uub7jipa3t1u06fe4lj7n4mi052','192.35.168.195',1595112005,'__ci_last_regenerate|i:1595112005;'),('bifjc9njr3pj0nausnpmrfd5n7q3131e','197.189.230.26',1595112657,'__ci_last_regenerate|i:1595112657;'),('i9kame2ie84shl96kherj1tm8q0c0637','103.145.12.200',1595115954,'__ci_last_regenerate|i:1595115953;'),('5io3uvp8nam55dib89f2bqia1gvrkb72','103.145.12.200',1595115954,'__ci_last_regenerate|i:1595115954;'),('itebt78vhtffgcn9iljp4hulmdisc4el','196.49.19.32',1595117209,'__ci_last_regenerate|i:1595117209;'),('sh7dt5ckpvdms0iln5hg7cbp66irae4d','196.49.19.32',1595117579,'__ci_last_regenerate|i:1595117579;'),('bp9bnulc2e44rcntkskqhk4b56pbeh80','184.105.139.70',1595117636,'__ci_last_regenerate|i:1595117636;'),('fmbn3sjijija0tc6p77dcrfn63a71ipk','196.49.19.32',1595117999,'__ci_last_regenerate|i:1595117999;'),('icjhaofbbh8buf2fkdhhg3hipbh37nnc','209.141.41.177',1595118385,'__ci_last_regenerate|i:1595118385;'),('fkp1d0fgj72135no7k50injj85odeu3d','46.105.108.212',1595118566,'__ci_last_regenerate|i:1595118566;'),('1u2d9f6k6b0sipkga0qqodpm3sfmcv66','95.105.119.5',1595120901,'__ci_last_regenerate|i:1595120901;'),('k976rsklmf43qbbp9r6bh0latfkfi4aj','101.254.159.140',1595121360,'__ci_last_regenerate|i:1595121360;'),('a7dg49qmd55grof5rnl5imdht9deljd7','101.254.159.140',1595121376,'__ci_last_regenerate|i:1595121376;'),('or45us0pnmaob38eopgi8fr5db63rdcn','101.254.159.140',1595121381,'__ci_last_regenerate|i:1595121381;'),('9sf98cvg2okkkvdbi9l5a87qofjudr9l','45.148.10.97',1595122086,'__ci_last_regenerate|i:1595122086;'),('i6l8tbr8ifl04edtmu9asb22vj7qa825','107.189.11.30',1595123007,'__ci_last_regenerate|i:1595123007;'),('7l6hsne2q96t3tm71od8j8hr7ktb3v82','202.57.14.18',1595128247,'__ci_last_regenerate|i:1595128247;'),('bv2fslg6olrb7q1b8lsboueuv2k64crc','162.243.130.14',1595123644,'__ci_last_regenerate|i:1595123644;'),('nvpr1ep1bog4e5l4q2p8i66hgu1r91o4','103.28.115.235',1595125481,'__ci_last_regenerate|i:1595125481;'),('mc7f24mfveln0p30ihfh6t464tujcne5','128.14.134.170',1595127656,'__ci_last_regenerate|i:1595127656;'),('ft1c4cta4602ru3b9350mhohupgr2npv','45.148.10.97',1595128220,'__ci_last_regenerate|i:1595128220;'),('vv0f2ajumd713ri6dl7t54uhhntvilkf','202.57.14.18',1595128247,'__ci_last_regenerate|i:1595128247;'),('j3af4s82i3ilhicq9sa6tpbqv2h0j8kh','142.217.209.163',1595130881,'__ci_last_regenerate|i:1595130881;'),('h9hkiob3ko5jf0okvnibv5to41kfbmct','196.49.19.32',1595133357,'__ci_last_regenerate|i:1595133357;'),('1udihhbrq3bsukn6p5llearsrs3kagg3','200.111.189.70',1595133526,'__ci_last_regenerate|i:1595133526;'),('oohn1n6jqm0akm1u8jl8ettprsrvg4hd','196.49.19.32',1595134136,'__ci_last_regenerate|i:1595134136;'),('9neha8h84vnecloo4ei9p7fntm9bn2j6','109.95.34.66',1595134339,'__ci_last_regenerate|i:1595134339;'),('uole7v4ns97bcckqe2u5m5qrbakqekmb','196.49.19.32',1595135691,'__ci_last_regenerate|i:1595135691;'),('jknlou2cga2np1shj575kut6u4elhfu5','197.189.230.26',1595136579,'__ci_last_regenerate|i:1595136579;'),('d77869h4vqc281m8ko99nitb067hh2sr','195.54.160.21',1595137322,'__ci_last_regenerate|i:1595137322;'),('eqhrnvngmsaqhka8ou57721qlog0rsr7','195.54.160.21',1595137323,'__ci_last_regenerate|i:1595137323;'),('3vurg61lnse8qo0kb5tk3qh6pdi2q69o','195.54.160.21',1595137325,'__ci_last_regenerate|i:1595137325;'),('tna6am2tddu0oihc2fti9aect4cffmuo','195.54.160.21',1595137326,'__ci_last_regenerate|i:1595137326;'),('9mq7v9utd0d75hgetp3o5q132bmig306','195.54.160.21',1595137327,'__ci_last_regenerate|i:1595137327;'),('9ci6cdl07rsn445tuac1j396dbrmn3ki','195.54.160.21',1595137330,'__ci_last_regenerate|i:1595137330;'),('6brshra3d2e511qqn7vclc6ohafbfo3v','195.54.160.21',1595137331,'__ci_last_regenerate|i:1595137331;'),('0a6mpch82t4p49nv0oa48grskjprqq74','198.143.155.138',1595141557,'__ci_last_regenerate|i:1595141557;'),('ea6e41fs6jvqeqsfart6hpvmmg48v2j9','198.143.155.138',1595141561,'__ci_last_regenerate|i:1595141561;'),('eu880dhlk9ser0mbt7ln1mpgbsj131es','195.37.190.77',1595142062,'__ci_last_regenerate|i:1595142062;'),('hsbih9nunnv1i3ao14ojevgjerq65hil','195.37.190.77',1595142063,'__ci_last_regenerate|i:1595142063;'),('ah7lki6afv5ua9sss21ipbgb73gjlrlj','167.99.187.122',1595143671,'__ci_last_regenerate|i:1595143671;'),('1le0occm25vp205l27of8ihekd3hlinv','197.189.230.26',1595145575,'__ci_last_regenerate|i:1595145575;'),('rci2e9r5mr0rcj25ddh9vh1vl7s04q63','80.82.70.140',1595147174,'__ci_last_regenerate|i:1595147174;'),('72onc9gpvjrbefcp0mmqcj0g5o1qc9bs','197.189.230.26',1595148600,'__ci_last_regenerate|i:1595148600;'),('kaf67qpbf87r1pe53sspk322n7j9e74l','80.82.77.227',1595152173,'__ci_last_regenerate|i:1595152173;'),('lrvd2rdfi4o2u9btujsvt13td7m77qv6','78.186.223.90',1595152667,'__ci_last_regenerate|i:1595152667;'),('quen719fu2o93qaus6prdddkd28o1vca','213.32.122.82',1595155685,'__ci_last_regenerate|i:1595155685;'),('83bqvljr4hprho03shsfbm8m8ts5torr','177.125.73.133',1595156013,'__ci_last_regenerate|i:1595156013;'),('nqfae0pi20c9ps8jp0kh2bikiii651j8','93.174.93.139',1595156872,'__ci_last_regenerate|i:1595156872;'),('9pmoko501bb9koanjia5jl49oinkq06f','194.15.36.99',1595158663,'__ci_last_regenerate|i:1595158663;'),('8dpr109grdqdpqq0rg97udkrfs6engsi','76.125.212.4',1595159275,'__ci_last_regenerate|i:1595159275;'),('aue0dqrhd1brriqbr4cc568pmv91ga41','182.253.118.89',1595163014,'__ci_last_regenerate|i:1595163014;nip|s:18:\"197403022001121001\";nama_lengkap|s:26:\"Ade Sulyansah, S.Sos, M.Si\";nik|s:26:\"Ade Sulyansah, S.Sos, M.Si\";id_golongan|s:1:\"9\";id_tipefungsional|s:1:\"1\";golongan|s:4:\"IV.e\";tipe_fungsional|s:11:\"Widyaiswara\";login|b:1;is_penguji|i:1;'),('8fqujfhee93qvqhkm88335bpl4993q43','109.94.113.245',1595160815,'__ci_last_regenerate|i:1595160815;'),('e7q97tf4rjm639kp66sipka9lhejbkc6','89.40.73.246',1595160856,'__ci_last_regenerate|i:1595160856;'),('o9hp3ptdm14jm254mrnk4o5u4gm83p7v','46.105.108.212',1595161937,'__ci_last_regenerate|i:1595161937;'),('gd40bcnp9ku9jvccrrkpepl8sm3cll3i','46.105.108.212',1595161939,'__ci_last_regenerate|i:1595161939;'),('mclmcfc5ss90abeac4glmdj8qcmmjlcc','46.105.108.212',1595161939,'__ci_last_regenerate|i:1595161939;'),('pdqpjkg2hgi3ec6len1bf8k5tf2vr472','46.105.108.212',1595161939,'__ci_last_regenerate|i:1595161939;'),('c473epdkt8b5medd3t9ur4mbda24ipol','46.105.108.212',1595161940,'__ci_last_regenerate|i:1595161940;'),('u7gjhip17jb7st9maa3i4cgjbi5guhal','46.105.108.212',1595161940,'__ci_last_regenerate|i:1595161940;'),('3qo1ptji5pmqj2q140g0bo9v8fthqf5q','46.105.108.212',1595161941,'__ci_last_regenerate|i:1595161941;'),('5046285e3h3jba2o2icvu6hfp3mtehet','46.105.108.212',1595161941,'__ci_last_regenerate|i:1595161941;'),('ve29jslcof3paq21epu3qs4tlel0adln','46.105.108.212',1595161942,'__ci_last_regenerate|i:1595161942;'),('pi8ijt3f8u4b597216t713vi8qej0drq','46.105.108.212',1595161943,'__ci_last_regenerate|i:1595161943;'),('b84ao4es0bmi9vdocsdn2f8s7a85n9du','46.105.108.212',1595161943,'__ci_last_regenerate|i:1595161943;'),('jse3l19esubibd5t95h6efgon2q85vck','46.105.108.212',1595161944,'__ci_last_regenerate|i:1595161944;'),('nk4d4m7n8pborqujtibvfgt5a6phr4di','46.105.108.212',1595161944,'__ci_last_regenerate|i:1595161944;'),('gmdgm539sboou3bq5ciufoqqion1q95a','46.105.108.212',1595161945,'__ci_last_regenerate|i:1595161945;'),('e00sbqakescvmgfvl9mshekn23fnbqa0','46.105.108.212',1595161945,'__ci_last_regenerate|i:1595161945;'),('l010mb74bls178q7kbjnah5pkp0btr5d','46.105.108.212',1595161945,'__ci_last_regenerate|i:1595161945;'),('r8lvalkdmtvepsm15p86j1fd4nk2iktb','46.105.108.212',1595161946,'__ci_last_regenerate|i:1595161946;'),('uck06ufn3s1d45pkt3dbl36rjfa971kt','46.105.108.212',1595161946,'__ci_last_regenerate|i:1595161946;'),('k0uscdginpn9ufca0j72scajb0vscbdc','46.105.108.212',1595161948,'__ci_last_regenerate|i:1595161948;'),('q8fri9o2dk0eo6kc6bv3jm7jv56fm4i2','157.61.211.69',1595162938,'__ci_last_regenerate|i:1595162938;'),('9vu1rmqj6spm9tob09lgqiqnsdtipdrg','157.61.211.69',1595162940,'__ci_last_regenerate|i:1595162940;'),('ljjnqgi2k3mtfmopur783ejaqgd50dg4','182.253.118.89',1595164087,'__ci_last_regenerate|i:1595164087;nip|s:18:\"197403022001121001\";nama_lengkap|s:26:\"Ade Sulyansah, S.Sos, M.Si\";nik|s:26:\"Ade Sulyansah, S.Sos, M.Si\";id_golongan|s:1:\"9\";id_tipefungsional|s:1:\"1\";golongan|s:4:\"IV.e\";tipe_fungsional|s:11:\"Widyaiswara\";login|b:1;is_penguji|i:1;'),('05sh6siliqs1rkk42etkpjnnveeppniq','182.253.118.89',1595165093,'__ci_last_regenerate|i:1595165093;nip|s:18:\"197403022001121001\";nama_lengkap|s:26:\"Ade Sulyansah, S.Sos, M.Si\";nik|s:26:\"Ade Sulyansah, S.Sos, M.Si\";id_golongan|s:1:\"9\";id_tipefungsional|s:1:\"1\";golongan|s:4:\"IV.e\";tipe_fungsional|s:11:\"Widyaiswara\";login|b:1;is_penguji|i:1;'),('8c1c4uhbr2fvq8eufoje0r3u68nnk2ho','182.253.118.89',1595166172,'__ci_last_regenerate|i:1595166172;nip|s:18:\"197403022001121001\";nama_lengkap|s:26:\"Ade Sulyansah, S.Sos, M.Si\";nik|s:26:\"Ade Sulyansah, S.Sos, M.Si\";id_golongan|s:1:\"9\";id_tipefungsional|s:1:\"1\";golongan|s:4:\"IV.e\";tipe_fungsional|s:11:\"Widyaiswara\";login|b:1;is_penguji|i:1;'),('71osv7pjrnut22bgefrgtcokn4bnjmjp','45.148.10.97',1595165209,'__ci_last_regenerate|i:1595165209;'),('672qfl5sjds5vb7u4abnrhqcmh3o2q1j','182.253.118.89',1595167316,'__ci_last_regenerate|i:1595167316;nip|s:18:\"197403022001121001\";nama_lengkap|s:26:\"Ade Sulyansah, S.Sos, M.Si\";nik|s:26:\"Ade Sulyansah, S.Sos, M.Si\";id_golongan|s:1:\"9\";id_tipefungsional|s:1:\"1\";golongan|s:4:\"IV.e\";tipe_fungsional|s:11:\"Widyaiswara\";login|b:1;is_penguji|i:1;'),('9ne0l0tgoj5l5i4dnc2p0umtrkgghdqu','182.253.118.89',1595168339,'__ci_last_regenerate|i:1595168339;nip|s:18:\"197403022001121001\";nama_lengkap|s:26:\"Ade Sulyansah, S.Sos, M.Si\";nik|s:26:\"Ade Sulyansah, S.Sos, M.Si\";id_golongan|s:1:\"9\";id_tipefungsional|s:1:\"1\";golongan|s:4:\"IV.e\";tipe_fungsional|s:11:\"Widyaiswara\";login|b:1;is_penguji|i:1;'),('mfo964enfl1m1skgg08ivp6qf927i56o','196.49.19.32',1595167522,'__ci_last_regenerate|i:1595167522;'),('26g9ifff87iaeassjthte3e8uq4t59p0','139.162.116.133',1595168064,'__ci_last_regenerate|i:1595168064;'),('lahu29m3kbnt28okem19ird9dosvpiqk','182.253.118.89',1595169396,'__ci_last_regenerate|i:1595169396;nip|s:18:\"197403022001121001\";nama_lengkap|s:26:\"Ade Sulyansah, S.Sos, M.Si\";nik|s:26:\"Ade Sulyansah, S.Sos, M.Si\";id_golongan|s:1:\"9\";id_tipefungsional|s:1:\"1\";golongan|s:4:\"IV.e\";tipe_fungsional|s:11:\"Widyaiswara\";login|b:1;is_penguji|i:1;'),('sm0ehr0gqdvmid1t3qso5jg287ejukqn','182.253.118.89',1595170612,'__ci_last_regenerate|i:1595170612;nip|s:18:\"197403022001121001\";nama_lengkap|s:26:\"Ade Sulyansah, S.Sos, M.Si\";nik|s:26:\"Ade Sulyansah, S.Sos, M.Si\";id_golongan|s:1:\"9\";id_tipefungsional|s:1:\"1\";golongan|s:4:\"IV.e\";tipe_fungsional|s:11:\"Widyaiswara\";login|b:1;is_penguji|i:1;'),('4o6ct7skfq4f6ocimlulkb041ju7at92','182.253.118.89',1595171040,'__ci_last_regenerate|i:1595170612;nip|s:18:\"197403022001121001\";nama_lengkap|s:26:\"Ade Sulyansah, S.Sos, M.Si\";nik|s:26:\"Ade Sulyansah, S.Sos, M.Si\";id_golongan|s:1:\"9\";id_tipefungsional|s:1:\"1\";golongan|s:4:\"IV.e\";tipe_fungsional|s:11:\"Widyaiswara\";login|b:1;is_penguji|i:1;'),('87jv234o9f2cak2askfgioq0ohe0mi8v','184.105.247.194',1595221295,'__ci_last_regenerate|i:1595221295;'),('nhp5dgeq1ano871jtp15lvscv4ts191o','139.0.134.156',1595171106,'__ci_last_regenerate|i:1595171053;nip|s:18:\"197403022001121001\";nama_lengkap|s:26:\"Ade Sulyansah, S.Sos, M.Si\";nik|s:26:\"Ade Sulyansah, S.Sos, M.Si\";id_golongan|s:1:\"9\";id_tipefungsional|s:1:\"1\";golongan|s:4:\"IV.e\";tipe_fungsional|s:11:\"Widyaiswara\";login|b:1;is_penguji|i:1;'),('uvhu4sc1s2lobfnvmdd71u0n0ld0010v','172.16.214.2',1595171047,'__ci_last_regenerate|i:1595171047;'),('8cr7klcq50oer0qr0n4j1l05ok31iedi','27.111.32.162',1595221075,'__ci_last_regenerate|i:1595221014;item|s:77:\"<div class=\"alert alert-danger\"> Username atau Password anda SALAH !!! </div>\";__ci_vars|a:1:{s:4:\"item\";s:3:\"old\";}'),('e213jg7bvc886asfrkfbqtaqvskfher2','193.118.53.194',1595221352,'__ci_last_regenerate|i:1595221352;'),('toruii6jv3ont8mhlphgbiefqnpag54l','223.255.230.46',1595221528,'__ci_last_regenerate|i:1595221521;'),('blej4e37ta2ror7l21n7buaflcbo2vmn','103.28.115.235',1595225200,'__ci_last_regenerate|i:1595225200;'),('qi2q0sqvn66vm9km48nveiqvlgsu0m0o','27.111.32.162',1595235551,'__ci_last_regenerate|i:1595235551;'),('uje8m1unn98gcihqrjeko2smoqvo3ijk','202.159.38.170',1595225789,'__ci_last_regenerate|i:1595225789;'),('i4hoc1vagouasc6jeanbdde9dvr1gg9m','202.159.38.170',1595225871,'__ci_last_regenerate|i:1595225789;'),('2vdl5qecdes5vtja9v603r6hpt43rpp3','196.49.19.32',1595226008,'__ci_last_regenerate|i:1595226008;'),('l8j43a4fhuj2f98eggghfj07g2qtva4a','212.158.142.219',1595227433,'__ci_last_regenerate|i:1595227433;'),('26l36uppsnmarrtvr4mvpjf0u303lgdv','27.111.32.162',1595228062,'__ci_last_regenerate|i:1595228020;'),('2htm8luddbo2tpvespckvb2cai97294m','27.111.32.162',1595231004,'__ci_last_regenerate|i:1595231004;nip|N;nama_lengkap|N;nik|N;login|b:1;is_admin|i:1;'),('hvlbf78atvibod0lout4aqrlvltjflvg','80.82.68.68',1595231347,'__ci_last_regenerate|i:1595231347;'),('bpp7o9sd218l18q49m5c6cl0kvde39nd','193.118.53.210',1595233787,'__ci_last_regenerate|i:1595233787;'),('t6l4nkt6l288qplbrfci12q6hte29nbh','27.111.32.162',1595231988,'__ci_last_regenerate|i:1595231965;nip|N;nama_lengkap|N;nik|N;login|b:1;is_admin|i:1;'),('4tpsgagc47lvcfhbkui9et605ihisq0i','27.111.32.162',1595235920,'__ci_last_regenerate|i:1595235920;'),('co3aobr6frl98cpvog875juuo1pluf8i','223.166.75.36',1595233357,'__ci_last_regenerate|i:1595233357;'),('7kb4it5hctjth65j5l4ve3g980ilvlai','80.82.68.68',1595231347,'__ci_last_regenerate|i:1595231347;'),('gh6goke309n8lpc2ahs9s7r5snjdf17j','80.82.68.68',1595231350,'__ci_last_regenerate|i:1595231350;'),('rev7b8bbpml7iurds5pc5l53oehjl9uj','80.82.68.68',1595231350,'__ci_last_regenerate|i:1595231350;'),('3p02pk4jktoa4q8ofavnv1hbau4nml2m','80.82.68.68',1595231350,'__ci_last_regenerate|i:1595231350;'),('6i7tfb2le9thca5ielsf62g4k053glqc','80.82.68.68',1595231350,'__ci_last_regenerate|i:1595231350;'),('3eqmq58m56r270o98hjnjkqdon8mk6io','223.166.75.36',1595233360,'__ci_last_regenerate|i:1595233360;'),('5dkv6padp0eiflua09tlf4ceoq4vd7mr','193.118.53.210',1595233782,'__ci_last_regenerate|i:1595233782;'),('ogi7logb696auv9q1jauoqvkr4ibp360','77.34.202.80',1595232459,'__ci_last_regenerate|i:1595232459;'),('h75lbc5a0fmg4sff99feb5hdf9eoj37t','27.111.32.162',1595235615,'__ci_last_regenerate|i:1595235610;'),('e0albai4j180mcerb182j9cvnlmqudcu','27.111.32.162',1595236930,'__ci_last_regenerate|i:1595236930;nip|s:18:\"198007122008122002\";nama_lengkap|s:13:\"Dinda Lestari\";nik|s:13:\"Dinda Lestari\";login|b:1;is_admin|i:1;id_golongan|s:1:\"2\";id_tipefungsional|s:1:\"1\";golongan|s:5:\"III.c\";tipe_fungsional|s:11:\"Widyaiswara\";is_dupak|i:1;photo|s:29:\"198007122008122002-170720.jpg\";last_login|s:19:\"2020-07-20 09:13:03\";'),('mtgc2cjmpuiu7pk09b7gcjhbpn2iv7av','27.111.32.162',1595237694,'__ci_last_regenerate|i:1595237694;nip|s:18:\"199910082008122001\";nama_lengkap|s:20:\"Adinda Permata Putri\";nik|s:20:\"Adinda Permata Putri\";id_golongan|s:1:\"2\";id_tipefungsional|s:1:\"1\";golongan|s:5:\"III.c\";tipe_fungsional|s:11:\"Widyaiswara\";login|b:1;is_dupak|i:1;photo|s:0:\"\";last_login|s:19:\"2020-07-20 09:12:35\";'),('v4bjrgrnlqtef02mvvuf50trllpl4qng','94.26.113.254',1595236603,'__ci_last_regenerate|i:1595236333;'),('i8m7frovfo63qekfm200es0htfh57mgn','27.111.32.162',1595238108,'__ci_last_regenerate|i:1595237694;nip|s:18:\"199910082008122001\";nama_lengkap|s:20:\"Adinda Permata Putri\";nik|s:20:\"Adinda Permata Putri\";id_golongan|s:1:\"2\";id_tipefungsional|s:1:\"1\";golongan|s:5:\"III.c\";tipe_fungsional|s:11:\"Widyaiswara\";login|b:1;is_dupak|i:1;photo|s:0:\"\";last_login|s:19:\"2020-07-20 09:12:35\";'),('e52tp2sphvalkueo40d82th5uo9ici2c','27.111.32.162',1595236369,'__ci_last_regenerate|i:1595236369;'),('ddovjpfo8hi0n4hc145spvq23at530g4','128.14.133.58',1595236750,'__ci_last_regenerate|i:1595236750;'),('grlm5hi82nsvilrm6gcrf0t9lqgstdab','94.26.113.254',1595236748,'__ci_last_regenerate|i:1595236746;'),('o5tk9fpkcdf76m93j2t97r6t50elnm7d','128.14.133.58',1595236747,'__ci_last_regenerate|i:1595236747;'),('i4rael5mfefe9q09q4nmssfh3namb6v0','27.111.32.162',1595237390,'__ci_last_regenerate|i:1595236930;nip|s:18:\"198007122008122002\";nama_lengkap|s:13:\"Dinda Lestari\";nik|s:13:\"Dinda Lestari\";login|b:1;is_admin|i:1;id_golongan|s:1:\"2\";id_tipefungsional|s:1:\"1\";golongan|s:5:\"III.c\";tipe_fungsional|s:11:\"Widyaiswara\";is_dupak|i:1;photo|s:29:\"198007122008122002-170720.jpg\";last_login|s:19:\"2020-07-20 09:13:03\";'),('0q4q3vje8ctgbgn32qget2pl8smk5npf','192.241.234.212',1595239916,'__ci_last_regenerate|i:1595239916;'),('c1d609fa2bt7d1kmu6fqncpkpgo5k2fd','168.194.86.203',1595245717,'__ci_last_regenerate|i:1595245717;'),('d95s064i2lbie99m6en8au27k05nbmvo','192.241.237.30',1595247087,'__ci_last_regenerate|i:1595247087;'),('mp5lor7sh5ben2bni4dqldd28b871rgf','139.0.134.156',1595247440,'__ci_last_regenerate|i:1595247440;'),('r1kjvccsk03ohafhava44rmmmgh2bpln','139.0.134.156',1595255952,'__ci_last_regenerate|i:1595255952;nip|s:18:\"199910082008122001\";nama_lengkap|s:20:\"Adinda Permata Putri\";nik|s:20:\"Adinda Permata Putri\";login|b:1;is_admin|i:1;id_golongan|s:1:\"2\";id_tipefungsional|s:1:\"1\";golongan|s:5:\"III.c\";tipe_fungsional|s:11:\"Widyaiswara\";is_dupak|i:1;photo|s:0:\"\";last_login|s:19:\"2020-07-20 14:25:16\";'),('16f1tqnas9n3ssuhb07p6ueue2paq38k','128.14.134.170',1595255274,'__ci_last_regenerate|i:1595255274;'),('hrtrjl6khrfb2lrc8gka4h2gincsqrr0','27.111.32.162',1595255636,'__ci_last_regenerate|i:1595255508;item|s:77:\"<div class=\"alert alert-danger\"> Username atau Password anda SALAH !!! </div>\";__ci_vars|a:1:{s:4:\"item\";s:3:\"old\";}'),('5dnbsrpbg671ha7nq3nevlkbnsbe9s62','139.0.134.156',1595256693,'__ci_last_regenerate|i:1595256693;'),('hq5qcmi5ff29863373gm03f62p8k28gl','103.28.115.235',1595257175,'__ci_last_regenerate|i:1595257175;'),('fdhqotho9nlhs2cvr83slpf2d83r2huq','195.58.61.212',1595260602,'__ci_last_regenerate|i:1595260602;'),('76he2qrmht6ap1gmkt23o0eie0s5elu8','41.248.129.217',1595264833,'__ci_last_regenerate|i:1595264833;'),('cs3glbc01b973jcg9jbnnl3ncd55jisl','115.231.218.252',1595264907,'__ci_last_regenerate|i:1595264907;'),('71iv1j8hcp6qr9550aq78jgo27mij6nh','86.124.251.98',1595265760,'__ci_last_regenerate|i:1595265760;'),('n926s8v8tfrg9kvqvoqmlva8bbd61ndk','196.49.19.32',1595266616,'__ci_last_regenerate|i:1595266616;'),('7umcgdtmf7vfcbct0kjhmfer8ofu48gf','197.232.74.64',1595256158,'__ci_last_regenerate|i:1595256158;'),('k9obm439756k23o387rbs5mdip1og8rh','128.14.134.170',1595267395,'__ci_last_regenerate|i:1595267395;'),('crmaut8piunvueqqe102a3td4hbh4e7i','128.14.134.170',1595267396,'__ci_last_regenerate|i:1595267396;'),('s2d7t00a7dt8h5400r59bsbc7caem4cq','103.28.115.235',1595270844,'__ci_last_regenerate|i:1595270844;'),('m36ch0f0m75247is58o1vrql883h57ui','162.243.129.93',1595274947,'__ci_last_regenerate|i:1595274947;'),('4tppjmt60hd0jgj2mn8j7oqven9g0pi6','196.49.19.32',1595275242,'__ci_last_regenerate|i:1595275242;'),('blgmc2qfhfs3q5p5jm51ehh32f41joae','62.197.209.247',1595277056,'__ci_last_regenerate|i:1595277056;'),('1acog9cskrkvprmop6b766vfjqacjqej','115.127.96.59',1595278983,'__ci_last_regenerate|i:1595278983;'),('0solu2qntu5v6kfp8lchae8tlp9er4ve','195.54.160.21',1595279231,'__ci_last_regenerate|i:1595279231;'),('fp53em48vdjg47i4up9tdqcijs8st6bf','195.54.160.21',1595279231,'__ci_last_regenerate|i:1595279231;'),('bhg183pfl8dqrtg987mv4o3sjauspoi9','195.54.160.21',1595279233,'__ci_last_regenerate|i:1595279233;'),('9mv362tmjeop568vbdgobkc1od1qu5se','195.54.160.21',1595279234,'__ci_last_regenerate|i:1595279234;'),('dbmq1r6dtkj1u3nv785f2qnpni5q7g5m','195.54.160.21',1595279237,'__ci_last_regenerate|i:1595279237;'),('jbjs7kt8j46nvmkb2cd3rmkf7quprnu3','195.54.160.21',1595279237,'__ci_last_regenerate|i:1595279237;'),('lh6c9b4onvaqqevlccbvt25m7teb6esi','195.54.160.21',1595279240,'__ci_last_regenerate|i:1595279240;'),('tr2ka52vs81f7e32vupi0a7ttnucq8g6','78.36.213.116',1595280923,'__ci_last_regenerate|i:1595280923;'),('qbb2alm4qar5052r1vsfssit3abc21u2','104.244.78.107',1595282949,'__ci_last_regenerate|i:1595282949;'),('hv68vff8epjb5l8iji17to91pkhhve09','114.113.112.92',1595284088,'__ci_last_regenerate|i:1595284088;'),('pu6jdpv69qvs8386sdl3mccgqhht11ke','89.40.73.202',1595284823,'__ci_last_regenerate|i:1595284823;'),('cr4uudb5bdc90btv09p17g51b9th055b','103.214.185.186',1595285674,'__ci_last_regenerate|i:1595285673;'),('o08c8n1i1sdedpatc31a4rbgpdmop2nt','49.235.92.147',1595290009,'__ci_last_regenerate|i:1595290009;'),('vmu4f0i208dmqst1ulr6eiotvh4deapd','49.235.92.147',1595290009,'__ci_last_regenerate|i:1595290009;'),('0rqiiieebitk7njgmj1ek46s2gkj6bqn','49.235.92.147',1595290010,'__ci_last_regenerate|i:1595290010;'),('0qj8bav29r93tll4njle9k389epodhft','49.235.92.147',1595290011,'__ci_last_regenerate|i:1595290011;'),('kqlq0ue0o39vleramodturoqdorrgms8','49.235.92.147',1595290015,'__ci_last_regenerate|i:1595290015;'),('0aeq1rpjkc2ffavrr6tvncaaffv0manc','36.69.154.89',1595291200,'__ci_last_regenerate|i:1595291200;'),('an2624f9d029r9rtqdscq5ebvglc325u','162.243.128.116',1595291247,'__ci_last_regenerate|i:1595291247;'),('kjp73f5fvm0djs2ftjs7ng59dnjuk530','201.76.127.167',1595291967,'__ci_last_regenerate|i:1595291967;'),('0i49i1aj1id9ro1mdfaeqqkvr0048a2j','27.111.32.162',1595295364,'__ci_last_regenerate|i:1595295364;nip|s:18:\"199910082008122001\";nama_lengkap|s:20:\"Adinda Permata Putri\";nik|s:20:\"Adinda Permata Putri\";id_golongan|s:1:\"2\";id_tipefungsional|s:1:\"1\";golongan|s:5:\"III.c\";tipe_fungsional|s:11:\"Widyaiswara\";login|b:1;is_dupak|i:1;photo|s:0:\"\";last_login|s:19:\"2020-07-21 01:12:23\";'),('0vb0kpma9gr66msh5m32ti113di9bik3','66.117.9.98',1595293906,'__ci_last_regenerate|i:1595293906;'),('isp7pehptbheojn8cnu006c3toobjut4','66.117.9.98',1595298049,'__ci_last_regenerate|i:1595298049;'),('dbd2ge3tblnl93rsa33paggom70t25me','27.111.32.162',1595299988,'__ci_last_regenerate|i:1595299988;nip|s:18:\"199910082008122001\";nama_lengkap|s:20:\"Adinda Permata Putri\";nik|s:20:\"Adinda Permata Putri\";id_golongan|s:1:\"2\";id_tipefungsional|s:1:\"1\";golongan|s:5:\"III.c\";tipe_fungsional|s:11:\"Widyaiswara\";login|b:1;is_dupak|i:1;photo|s:0:\"\";last_login|s:19:\"2020-07-21 01:12:23\";'),('e35msi08iti51snsobrkt2lj1v26i6r5','184.105.247.196',1595296072,'__ci_last_regenerate|i:1595296072;'),('5tj51hcchccmjdmmo5pgmkp2sarc1loe','177.204.114.15',1595299063,'__ci_last_regenerate|i:1595299063;'),('ptgkl9oleb0ji6q7f6eh4kc2f9b7qsi6','27.111.32.162',1595301980,'__ci_last_regenerate|i:1595301980;nip|s:18:\"199910082008122001\";nama_lengkap|s:20:\"Adinda Permata Putri\";nik|s:20:\"Adinda Permata Putri\";id_golongan|s:1:\"2\";id_tipefungsional|s:1:\"1\";golongan|s:5:\"III.c\";tipe_fungsional|s:11:\"Widyaiswara\";login|b:1;is_dupak|i:1;photo|s:0:\"\";last_login|s:19:\"2020-07-21 01:12:23\";'),('r16982n8n5g7fi789si6tgsuqho7q59f','27.111.32.162',1595312689,'__ci_last_regenerate|i:1595312689;nip|s:18:\"199910082008122001\";nama_lengkap|s:20:\"Adinda Permata Putri\";nik|s:20:\"Adinda Permata Putri\";id_golongan|s:1:\"2\";id_tipefungsional|s:1:\"1\";golongan|s:5:\"III.c\";tipe_fungsional|s:11:\"Widyaiswara\";login|b:1;is_dupak|i:1;photo|s:0:\"\";last_login|s:19:\"2020-07-21 01:12:23\";'),('1k8pcnl1be80rots1k3lacfo1nk6qsvv','66.115.189.18',1595304106,'__ci_last_regenerate|i:1595304106;'),('3o83vrtqdn75eblkfnrureo8o7pd3q50','66.115.189.18',1595304107,'__ci_last_regenerate|i:1595304107;'),('746uijcgq3ak79268vrsg8tum9cdm0f3','3.82.144.251',1595305017,'__ci_last_regenerate|i:1595305017;'),('sdi2omfkcfgvu6chag2p876siefk79vl','3.82.144.251',1595305019,'__ci_last_regenerate|i:1595305019;'),('0p547d25mfdp9jc862jeb24pchb2htpq','37.32.41.168',1595305129,'__ci_last_regenerate|i:1595305129;'),('qa1om45ea9rj8vmt25a4lmkli9hg6kd8','3.82.144.251',1595305447,'__ci_last_regenerate|i:1595305447;'),('83hrqlljg8tgjcm9a62m7or181fmnsqs','3.82.144.251',1595305448,'__ci_last_regenerate|i:1595305448;'),('1dlleq73jjip6qs1schv2s5ct40uvqmm','5.188.210.227',1595306585,'__ci_last_regenerate|i:1595306585;'),('f4kbhhj7qbpf8ordjmqvtaau170h16t2','195.54.160.21',1595311041,'__ci_last_regenerate|i:1595311041;'),('rqbaohs4keliglkbfccm3bui4rrdskim','27.111.32.162',1595307526,'__ci_last_regenerate|i:1595307526;'),('ggq3pvq3emhciq2v4jp9mq8dsro39pfp','27.111.32.162',1595308780,'__ci_last_regenerate|i:1595308780;nip|N;nama_lengkap|N;nik|N;login|b:1;is_admin|i:1;'),('at7b003jo2mfknohud11ddd10tra5nma','195.54.160.21',1595311041,'__ci_last_regenerate|i:1595311041;'),('n0lv2regivrjnm9jn9qdekjm6bl10um3','27.111.32.162',1595308888,'__ci_last_regenerate|i:1595308888;'),('sprqhbor36jtd7vkn23b340cpu62o59a','27.111.32.162',1595308836,'__ci_last_regenerate|i:1595308780;nip|N;nama_lengkap|N;nik|N;login|b:1;is_admin|i:1;'),('qc0b7frk1r40vkh5ah2c2ts71u8gcq5u','27.111.32.162',1595309786,'__ci_last_regenerate|i:1595308904;nip|s:18:\"197807231999031003\";nama_lengkap|s:19:\"Faruk Afero, ST, MT\";nik|s:19:\"Faruk Afero, ST, MT\";id_golongan|s:1:\"2\";id_tipefungsional|s:1:\"1\";golongan|s:5:\"III.c\";tipe_fungsional|s:11:\"Widyaiswara\";login|b:1;is_dupak|i:1;photo|s:0:\"\";last_login|s:19:\"2020-07-21 05:36:08\";'),('66iaeo42j0pltafr3rpv9e1hmi4dha0o','195.54.160.21',1595311041,'__ci_last_regenerate|i:1595311041;'),('7f6odcofrvj30b946i30raii5s72d82c','195.54.160.21',1595311041,'__ci_last_regenerate|i:1595311041;'),('cr75lk8m2mh619f9ds8or4u3lik1h3i2','195.54.160.21',1595311042,'__ci_last_regenerate|i:1595311042;'),('aqh35onci2dcli102ra0c9aiq4ss1ert','195.54.160.21',1595311042,'__ci_last_regenerate|i:1595311042;'),('ceo3245u331clsmmg14kl9akqokm1q5l','195.54.160.21',1595311042,'__ci_last_regenerate|i:1595311042;'),('at7dd4d78lqe5p22vqdkkodbo2pm7n1n','195.54.160.21',1595311045,'__ci_last_regenerate|i:1595311045;'),('eabgh6prvg8bi3qbj1c7itvfp15tvljl','195.54.160.21',1595311045,'__ci_last_regenerate|i:1595311045;'),('9dhohsft39l8c4ebd7ds45ging1m6f0r','195.54.160.21',1595311046,'__ci_last_regenerate|i:1595311046;'),('bcs1d31qj13gotljr24qr8j68f5oooe6','27.111.32.162',1595322556,'__ci_last_regenerate|i:1595322556;'),('nsh6ghcsbqkrqmiu14r4l5jqvahc3qvr','27.111.32.162',1595313740,'__ci_last_regenerate|i:1595313740;nip|s:18:\"199910082008122001\";nama_lengkap|s:20:\"Adinda Permata Putri\";nik|s:20:\"Adinda Permata Putri\";id_golongan|s:1:\"2\";id_tipefungsional|s:1:\"1\";golongan|s:5:\"III.c\";tipe_fungsional|s:11:\"Widyaiswara\";login|b:1;is_dupak|i:1;photo|s:0:\"\";last_login|s:19:\"2020-07-21 01:12:23\";'),('5191h6fv25e76f1cv6v17027situs5e7','196.52.43.124',1595313237,'__ci_last_regenerate|i:1595313237;'),('hdhi2dq8jto0po6op958km7m13ts01pc','196.52.43.124',1595313239,'__ci_last_regenerate|i:1595313239;'),('klose9a3n1s17sqrrlb3q1n6mu12gfdg','27.111.32.162',1595314820,'__ci_last_regenerate|i:1595314820;nip|s:18:\"199910082008122001\";nama_lengkap|s:20:\"Adinda Permata Putri\";nik|s:20:\"Adinda Permata Putri\";id_golongan|s:1:\"2\";id_tipefungsional|s:1:\"1\";golongan|s:5:\"III.c\";tipe_fungsional|s:11:\"Widyaiswara\";login|b:1;is_dupak|i:1;photo|s:0:\"\";last_login|s:19:\"2020-07-21 01:12:23\";'),('dbpmpe4btbfnu8f04kuufft0avtdkf42','27.111.32.162',1595315928,'__ci_last_regenerate|i:1595315928;nip|s:18:\"199910082008122001\";nama_lengkap|s:20:\"Adinda Permata Putri\";nik|s:20:\"Adinda Permata Putri\";id_golongan|s:1:\"2\";id_tipefungsional|s:1:\"1\";golongan|s:5:\"III.c\";tipe_fungsional|s:11:\"Widyaiswara\";login|b:1;is_dupak|i:1;photo|s:0:\"\";last_login|s:19:\"2020-07-21 01:12:23\";'),('j370tfn7ji490jcq0ti3541jvd5ia1dm','27.111.32.162',1595316918,'__ci_last_regenerate|i:1595316879;nip|s:18:\"199910082008122001\";nama_lengkap|s:20:\"Adinda Permata Putri\";nik|s:20:\"Adinda Permata Putri\";id_golongan|s:1:\"2\";id_tipefungsional|s:1:\"1\";golongan|s:5:\"III.c\";tipe_fungsional|s:11:\"Widyaiswara\";login|b:1;is_dupak|i:1;photo|s:0:\"\";item|s:61:\"<div class=\"alert alert-info\"> User Berhasil ditemukam </div>\";__ci_vars|a:1:{s:4:\"item\";s:3:\"old\";}last_login|s:19:\"2020-07-21 07:35:17\";'),('fodo2s84fn4pkj5l2u99svqj6c3t8mpl','27.111.32.162',1595316879,'__ci_last_regenerate|i:1595316879;'),('vg1k5praolgo56olpj4365q5o63qdjfa','27.111.32.162',1595317641,'__ci_last_regenerate|i:1595317641;nip|s:18:\"197403022001121001\";nama_lengkap|s:26:\"Ade Sulyansah, S.Sos, M.Si\";nik|s:26:\"Ade Sulyansah, S.Sos, M.Si\";id_golongan|s:1:\"9\";id_tipefungsional|s:1:\"1\";golongan|s:4:\"IV.e\";tipe_fungsional|s:11:\"Widyaiswara\";login|b:1;is_penguji|i:1;'),('srha1fboh7td36ltriflqip30vbmps2q','103.148.209.1',1595316858,'__ci_last_regenerate|i:1595316858;'),('b3l04sgbrqjs2vdh15ug6mcd3djkc583','27.111.32.162',1595317076,'__ci_last_regenerate|i:1595317036;nip|s:18:\"199910082008122001\";nama_lengkap|s:20:\"Adinda Permata Putri\";nik|s:20:\"Adinda Permata Putri\";id_golongan|s:1:\"2\";id_tipefungsional|s:1:\"1\";golongan|s:5:\"III.c\";tipe_fungsional|s:11:\"Widyaiswara\";login|b:1;is_dupak|i:1;photo|s:0:\"\";last_login|s:19:\"2020-07-21 07:37:44\";'),('rd1lk0ok24tv1ulfghci385uji54u3sd','27.111.32.162',1595317233,'__ci_last_regenerate|i:1595317233;'),('60rmh6ai0pji51ih95lj8i7hsanfbapm','143.255.242.176',1595317513,'__ci_last_regenerate|i:1595317513;'),('q1mmqjtrrmh4v23f5qgpjte3rgoobjbi','27.111.32.162',1595318818,'__ci_last_regenerate|i:1595318818;nip|s:18:\"199910082008122001\";nama_lengkap|s:20:\"Adinda Permata Putri\";nik|s:20:\"Adinda Permata Putri\";id_golongan|s:1:\"2\";id_tipefungsional|s:1:\"1\";golongan|s:5:\"III.c\";tipe_fungsional|s:11:\"Widyaiswara\";login|b:1;is_penguji|i:1;is_dupak|i:1;photo|s:0:\"\";last_login|s:19:\"2020-07-21 07:48:00\";'),('hj9sms80hovkavoagd60ehr53pkhtkj9','196.52.43.129',1595318395,'__ci_last_regenerate|i:1595318395;'),('r7uuito4kvahihsdh4psfnf890o9pidr','196.52.43.129',1595318398,'__ci_last_regenerate|i:1595318398;'),('2fvna7vmuh0t9fs1u1e943v00iqu2lmv','27.111.32.162',1595321483,'__ci_last_regenerate|i:1595321483;nip|s:18:\"199910082008122001\";nama_lengkap|s:20:\"Adinda Permata Putri\";nik|s:20:\"Adinda Permata Putri\";id_golongan|s:1:\"2\";id_tipefungsional|s:1:\"1\";golongan|s:5:\"III.c\";tipe_fungsional|s:11:\"Widyaiswara\";login|b:1;is_penguji|i:1;is_dupak|i:1;photo|s:0:\"\";last_login|s:19:\"2020-07-21 07:48:00\";'),('tp7rakvd513ti7e60lo6ktm6j8qk66rd','27.111.32.162',1595323684,'__ci_last_regenerate|i:1595323684;nip|s:18:\"199910082008122001\";nama_lengkap|s:20:\"Adinda Permata Putri\";nik|s:20:\"Adinda Permata Putri\";id_golongan|s:1:\"2\";id_tipefungsional|s:1:\"1\";golongan|s:5:\"III.c\";tipe_fungsional|s:11:\"Widyaiswara\";login|b:1;is_penguji|i:1;is_dupak|i:1;photo|s:0:\"\";last_login|s:19:\"2020-07-21 08:52:14\";'),('6abm9mrk13qv1ve7ejlip6rkilicgv11','27.111.32.162',1595322556,'__ci_last_regenerate|i:1595322556;'),('l1ad337ipgkc53ribr8kq6tib49q4r1a','27.111.32.162',1595325231,'__ci_last_regenerate|i:1595325231;nip|s:18:\"199910082008122001\";nama_lengkap|s:20:\"Adinda Permata Putri\";nik|s:20:\"Adinda Permata Putri\";id_golongan|s:1:\"2\";id_tipefungsional|s:1:\"1\";golongan|s:5:\"III.c\";tipe_fungsional|s:11:\"Widyaiswara\";login|b:1;is_penguji|i:1;is_dupak|i:1;photo|s:0:\"\";last_login|s:19:\"2020-07-21 09:28:33\";'),('nn71aolcai0ahp8hkoi8nn0pokcvkk9o','103.28.115.235',1595324108,'__ci_last_regenerate|i:1595324108;'),('ee2j26q0ln19upgjn0qkof0p94n39kar','93.174.93.139',1595324836,'__ci_last_regenerate|i:1595324836;'),('2ssrjr07147qu71tb4oufgnjnr4roufk','27.111.32.162',1595325238,'__ci_last_regenerate|i:1595325231;nip|s:18:\"199910082008122001\";nama_lengkap|s:20:\"Adinda Permata Putri\";nik|s:20:\"Adinda Permata Putri\";id_golongan|s:1:\"2\";id_tipefungsional|s:1:\"1\";golongan|s:5:\"III.c\";tipe_fungsional|s:11:\"Widyaiswara\";login|b:1;is_penguji|i:1;is_dupak|i:1;photo|s:0:\"\";last_login|s:19:\"2020-07-21 09:28:33\";'),('o7vop2uoo9bdcnmkcfertfqjkhnq6gkc','27.111.32.162',1595329996,'__ci_last_regenerate|i:1595329996;'),('a2ap4re1iffbd3qv7n0afa2satfgk8b8','134.175.21.184',1595328709,'__ci_last_regenerate|i:1595328709;'),('rgv42ahpjhlint2m95oea52cva7c1md2','134.175.21.184',1595328709,'__ci_last_regenerate|i:1595328709;'),('ls9784achitshrd2eaoehb0o58nr6rv2','195.114.145.106',1595329421,'__ci_last_regenerate|i:1595329421;'),('d6rf9rkbr9heqgg9ej4u6pmova93k6g4','27.111.32.162',1595330015,'__ci_last_regenerate|i:1595329922;nip|N;nama_lengkap|N;nik|N;login|b:1;is_admin|i:1;'),('rb3l8acmh0cm4tn90aiuo3fdgn1nbp20','27.111.32.162',1595329996,'__ci_last_regenerate|i:1595329996;');
/*!40000 ALTER TABLE `ci_sessions` ENABLE KEYS */;
UNLOCK TABLES;

--
-- Table structure for table `dupak`
--

DROP TABLE IF EXISTS `dupak`;
/*!40101 SET @saved_cs_client     = @@character_set_client */;
/*!40101 SET character_set_client = utf8 */;
CREATE TABLE `dupak` (
  `id_dupak` int(10) NOT NULL AUTO_INCREMENT,
  `nip` varchar(18) NOT NULL,
  `nomor_spt` varchar(255) NOT NULL,
  `tanggal` date NOT NULL,
  `lokasi` varchar(255) NOT NULL,
  `subjek_tugas` varchar(255) NOT NULL,
  `kode_kegiatan` int(10) NOT NULL,
  `file_spt` text NOT NULL,
  `rincian` text NOT NULL,
  `output` text NOT NULL,
  `id_status` int(2) NOT NULL,
  `created_by` varchar(255) NOT NULL,
  `created_date` datetime NOT NULL,
  `updated_by` varchar(255) NOT NULL,
  `updated_date` timestamp NOT NULL DEFAULT CURRENT_TIMESTAMP ON UPDATE CURRENT_TIMESTAMP,
  `tahun` int(4) NOT NULL,
  `komentar` text NOT NULL,
  `komentar_penguji` text NOT NULL,
  `tanggal_mulai` date NOT NULL,
  `tanggal_selesai` date NOT NULL,
  `angka_kredit` double NOT NULL,
  `bobot_kredit` double NOT NULL,
  PRIMARY KEY (`id_dupak`),
  UNIQUE KEY `nip_2` (`nip`,`nomor_spt`),
  KEY `id_kegiatan` (`kode_kegiatan`),
  KEY `nip` (`nip`)
) ENGINE=InnoDB AUTO_INCREMENT=42 DEFAULT CHARSET=latin1;
/*!40101 SET character_set_client = @saved_cs_client */;

--
-- Dumping data for table `dupak`
--

LOCK TABLES `dupak` WRITE;
/*!40000 ALTER TABLE `dupak` DISABLE KEYS */;
INSERT INTO `dupak` VALUES (10,'198007212020031001','tes1','2020-04-01','tes','testing',3,'SPT_DUPAK_2020_1980072120200310012.pdf','Mengikuti Diklat fungsional/teknis yang mendukung tugas Widyaiswara dan memperoleh Surat Tanda Tamat Pendidikan dan Pelatihan (STTPP) / sertifikat (minimal 10 JP) 			 			 			','STTPP/Sertifikat',4,'JIMMY','2020-04-20 05:45:21','','2020-04-20 05:45:41',2020,'','','2020-04-01','2020-04-16',0.2,2),(11,'197403022001121001','0123/A12/XX/2019','2019-03-03','JAKARTA','BAHAN AJAR DIKLATSAR',4,'SPT_DUPAK_2020_197403022001121001.txt','PersiapanMenyusun Bahan Diklat dalam bentuk:	Bahan ajar','Makalah',1,'Ade Sulyansah, S.Sos, M.Si','2020-04-21 03:12:49','','2020-04-21 03:12:49',2020,'','','2019-03-05','2019-03-15',0.6,1),(15,'199203022001121001','INSTING-13','2020-01-10','Ciledug','ABC',6,'SPT_DUPAK_2020_199203022001121001.pdf','PersiapanMenyusun Bahan Diklat dalam bentuk:	Bahan Peraga','Bahan Peraga',5,'Septian Carito Putro, S.kom,MMsi.','2020-06-02 04:33:34','','2020-06-02 04:36:53',2020,'','','2020-06-03','2020-06-23',0.6,0.6),(16,'198304172009121001','fgfsg','2020-06-16','gfsg','fgfg',3,'SPT_DUPAK_2020_198304172009121001.png','Mengikuti Diklat fungsional/teknis yang mendukung tugas Widyaiswara dan memperoleh Surat Tanda Tamat Pendidikan dan Pelatihan (STTPP) / sertifikat (minimal 10 JP) 			 			 			','STTPP/Sertifikat',5,'NABILMANSYAH, ST','2020-06-23 08:53:36','','2020-06-23 06:57:56',2020,'','','2020-06-04','2020-06-17',0.2,32322),(18,'198007122008122002','800.12345.V.58.V/135.V/2019','2019-02-02','Jakarta','Pelaksanaan Dikjartih PNS',4,'SPT_DUPAK_2020_198007122008122002.jpg','PersiapanMenyusun Bahan Diklat dalam bentuk:	Bahan ajar','Makalah',5,'Dinda Lestari','2020-07-17 08:17:13','','2020-07-20 07:48:36',2020,'','','2019-02-04','2019-02-14',0.6,1),(19,'199910082008122001','800.1234.V.58.1234.V/135/V/2019','2019-02-02','Jakarta','Menyusun Bahan Diklat',4,'SPT_DUPAK_2020_199910082008122001.jpg','PersiapanMenyusun Bahan Diklat dalam bentuk:	Bahan ajar','Makalah',1,'Adinda Permata Putri','2020-07-20 09:34:54','','2020-07-20 14:35:11',2020,'','','2019-02-04','2019-02-18',0.6,7),(25,'199910082008122001','090/10816/BPSDM','2019-12-03','Lampung','Mengikuti Diklat Fungsional/Teknis yang Mendukung Tugas Widyaiswara dan Memperoleh urat Tanda Tamat Pendidikan dan Pelatihan (STTPP) / sertifikat ',3,'SPT_DUPAK_2020_1999100820081220018.jpg','Mengikuti Diklat fungsional/teknis yang mendukung tugas Widyaiswara dan memperoleh Surat Tanda Tamat Pendidikan dan Pelatihan (STTPP) / sertifikat (minimal 10 JP) 			 			 			','STTPP/Sertifikat',1,'Adinda Permata Putri','2020-07-21 06:37:44','','2020-07-21 06:37:44',2020,'','','2019-12-08','2019-12-12',0.2,6);
/*!40000 ALTER TABLE `dupak` ENABLE KEYS */;
UNLOCK TABLES;

--
-- Table structure for table `dupak_file`
--

DROP TABLE IF EXISTS `dupak_file`;
/*!40101 SET @saved_cs_client     = @@character_set_client */;
/*!40101 SET character_set_client = utf8 */;
CREATE TABLE `dupak_file` (
  `id_dupak_file` int(10) NOT NULL AUTO_INCREMENT,
  `id_dupak` int(10) NOT NULL,
  `file_upload` varchar(255) NOT NULL,
  `created_by` varchar(255) NOT NULL,
  `created_date` datetime NOT NULL,
  `updated_by` varchar(255) NOT NULL,
  `updated_date` timestamp NOT NULL DEFAULT CURRENT_TIMESTAMP ON UPDATE CURRENT_TIMESTAMP,
  `keterangan` text NOT NULL,
  PRIMARY KEY (`id_dupak_file`),
  KEY `id_penilaian` (`id_dupak`)
) ENGINE=InnoDB AUTO_INCREMENT=22 DEFAULT CHARSET=latin1;
/*!40101 SET character_set_client = @saved_cs_client */;

--
-- Dumping data for table `dupak_file`
--

LOCK TABLES `dupak_file` WRITE;
/*!40000 ALTER TABLE `dupak_file` DISABLE KEYS */;
INSERT INTO `dupak_file` VALUES (19,19,'6e986d0d62a44369f919f8836471b93d.jpg','Adinda Permata Putri','2020-07-20 09:34:54','','2020-07-20 09:34:54','Makalah'),(20,19,'f363909971f6286a4b52701f91a3dcb6.jpg','Adinda Permata Putri','2020-07-20 09:34:54','','2020-07-20 09:34:54','Materi Modul Etika Publik');
/*!40000 ALTER TABLE `dupak_file` ENABLE KEYS */;
UNLOCK TABLES;

--
-- Table structure for table `karyawan`
--

DROP TABLE IF EXISTS `karyawan`;
/*!40101 SET @saved_cs_client     = @@character_set_client */;
/*!40101 SET character_set_client = utf8 */;
CREATE TABLE `karyawan` (
  `id_karyawan` int(10) NOT NULL AUTO_INCREMENT,
  `nip` varchar(18) NOT NULL,
  `nik` varchar(16) NOT NULL,
  `no_seri_karpeg` varchar(20) NOT NULL,
  `nama_lengkap` varchar(255) NOT NULL,
  `tempat_lahir` varchar(255) NOT NULL,
  `tanggal_lahir` date NOT NULL,
  `alamat` text NOT NULL,
  `email` varchar(255) NOT NULL,
  `jenis_kelamin` char(1) NOT NULL DEFAULT 'L',
  `pendidikan_terakhir` varchar(255) NOT NULL,
  `no_telp` varchar(255) NOT NULL,
  `id_golongan` int(2) NOT NULL,
  `id_instansi` int(10) NOT NULL DEFAULT '1',
  `masa_kerja_lama` varchar(255) NOT NULL,
  `masa_kerja_baru` varchar(255) NOT NULL,
  `tmt_jabatan` varchar(255) NOT NULL,
  `ak_lama0` double NOT NULL DEFAULT '0',
  PRIMARY KEY (`id_karyawan`),
  UNIQUE KEY `nip_2` (`nip`),
  UNIQUE KEY `nik` (`nik`),
  KEY `id_golongan` (`id_golongan`),
  KEY `nip` (`nip`)
) ENGINE=InnoDB AUTO_INCREMENT=59 DEFAULT CHARSET=latin1;
/*!40101 SET character_set_client = @saved_cs_client */;

--
-- Dumping data for table `karyawan`
--

LOCK TABLES `karyawan` WRITE;
/*!40000 ALTER TABLE `karyawan` DISABLE KEYS */;
INSERT INTO `karyawan` VALUES (23,'0','0','','Administrator','','0000-00-00','','','L','','',1,1,'','','',0),(45,'197403022001121001','3175050203740009','','Ade Sulyansah, S.Sos, M.Si','Palembang','1974-03-02','Jakarta','adesulyansah1974@gmail.com','L','','081102031974',9,1,'','','',0),(46,'198007122008122002','3175035207800002','198007122008122002','Dinda Lestari','Jakarta','1980-07-12','Jakarta                                ','ayu71280@gmail.com','P','S2','087876540987',2,1,'2017-03-01','2020-10-01','01/03/2015',306.19),(47,'196010251992031001','104192510600001','','Drs. Dindin Wahidin, M.Si','Jakarta','1969-10-25','Jakarta                                ','dindin@gmail.com','L','','08234566000',8,1,'','','',0),(48,'196410081995011001','3175040810640001','','Drs. Endang Dwiko Rachmat','Jakarta','1964-10-08','Jakarta','eko@gmail.com','L','','081234567890',5,1,'','','',0),(49,'196505101991031014','3275091005665001','','Dr. H. Suwarli, M.Si','Jakarta','1965-05-10','Jakarta                                ','suwarli@gmail.com','L','','08976543216',8,1,'','','',0),(50,'196210041993032002','3172044410630002','','Ir. Budur Latief, MT','Jakarta','1962-10-04','Jakarta                                ','budur@gmail.com','L','','087812345678',6,1,'','','',0),(51,'196409031992031001','3203072023114211','','Dr. Togar Sibarani, M.Pd','Medan','1964-09-03','Jakarta','togar@gmail.com','L','','089623842793',6,1,'','','',0),(52,'198810112007012002','7371015110880003','','Aldila Revika Akbar, S.IP, M.Eng','Jakarta','1988-10-11','Jakarta                                ','aldila@gmail.com','L','','081122334455',3,1,'','','',0),(53,'198203102008812100','331211003820001','','Iwan Pamungkas, S.AP, M.Si','Jakarta','1982-03-10','Jakarta  ','iwan@gmail.com','L','','087874721976',2,1,'','','',0),(54,'197603152003122003','1112015503760004','','Cut Zarni Maulina, SE','Aceh','1976-03-15','Jakarta                 ','cut@gmail.com','L','','081133445577',2,1,'','','',0),(55,'196208171985102001','3175040810640099','','Drs. Rahajeng Purwianti, M.Si','Jakarta','1962-08-17','Jakarta','ajeng@gmail.com','L','','081122334499',6,1,'','','',0),(56,'196702131986031003','3175040810649999','','Drs. H. Edang Mochamad Kendana','Jakarta','1967-02-13','Jakarta','edang@gmail.com','L','','081122334477',6,1,'','','',0),(57,'199910082008122001','3174084810990004','199910082008122001','Adinda Permata Putri','Jakarta','1999-10-08','Jalan Turi Perumahan Sakinnah 2 Nomor 1 RT 014 RW 003 Lenteng Agung, Jagakarsa','adinda.permata@ui.ac.id','P','S2','081290272338',2,1,'2008-12-10','2017-04-15','2008',100),(58,'197807231999031003','3276012307781002','','Faruk Afero, ST, MT','Jakarta','1978-07-23','Depok                                ','afero2307@yahoo.co.id','L','','087819780723',2,1,'','','',0);
/*!40000 ALTER TABLE `karyawan` ENABLE KEYS */;
UNLOCK TABLES;

--
-- Table structure for table `karyawan_dokumen`
--

DROP TABLE IF EXISTS `karyawan_dokumen`;
/*!40101 SET @saved_cs_client     = @@character_set_client */;
/*!40101 SET character_set_client = utf8 */;
CREATE TABLE `karyawan_dokumen` (
  `id_karyawan_dokumen` int(10) NOT NULL AUTO_INCREMENT,
  `nip` varchar(255) NOT NULL,
  `id_dokumen` int(2) NOT NULL,
  `file_dokumen` varchar(255) NOT NULL,
  `created_by` varchar(255) NOT NULL,
  `created_date` datetime NOT NULL,
  PRIMARY KEY (`id_karyawan_dokumen`),
  KEY `id_dokumen` (`id_dokumen`),
  CONSTRAINT `karyawan_dokumen_ibfk_1` FOREIGN KEY (`id_dokumen`) REFERENCES `master_dokumen` (`id_dokumen`)
) ENGINE=InnoDB AUTO_INCREMENT=24 DEFAULT CHARSET=latin1;
/*!40101 SET character_set_client = @saved_cs_client */;

--
-- Dumping data for table `karyawan_dokumen`
--

LOCK TABLES `karyawan_dokumen` WRITE;
/*!40000 ALTER TABLE `karyawan_dokumen` DISABLE KEYS */;
INSERT INTO `karyawan_dokumen` VALUES (1,'123123123123123123',1,'15828573231098049090.pdf','Maulana Iqbal Lagi','2020-02-28 02:35:23'),(2,'1113093000079',1,'1582862257209145712.pdf','Maulana Muhammad Iqbal','2020-02-28 03:57:37'),(10,'200072120081210021',1,'15831283551941565168.pdf','JIMMY','2020-03-02 05:52:35'),(11,'199203022001121001',1,'159289453821551.png','Septian Carito Putro, S.kom,MMsi.','2020-06-23 08:42:18'),(12,'199203022001121001',2,'159289453821551.jpg','Septian Carito Putro, S.kom,MMsi.','2020-06-23 08:42:18'),(13,'199203022001121001',3,'1592894538215511.png','Septian Carito Putro, S.kom,MMsi.','2020-06-23 08:42:18'),(14,'199203022001121001',4,'1592894538215512.png','Septian Carito Putro, S.kom,MMsi.','2020-06-23 08:42:18'),(15,'198304172009121001',1,'15928948892903.png','NABILMANSYAH, ST','2020-06-23 08:48:09'),(16,'198304172009121001',2,'159289488929031.png','NABILMANSYAH, ST','2020-06-23 08:48:09'),(17,'198007122008122002',1,'1594972497859035041.png','Dinda Lestari','2020-07-17 07:54:57'),(18,'198007122008122002',2,'1594972497859035041.jpg','Dinda Lestari','2020-07-17 07:54:58'),(19,'198007122008122002',3,'15949724978590350411.jpg','Dinda Lestari','2020-07-17 07:54:58'),(20,'198007122008122002',4,'15949724978590350411.png','Dinda Lestari','2020-07-17 07:54:58'),(21,'198007122008122002',5,'15949724978590350412.jpg','Dinda Lestari','2020-07-17 07:54:58'),(22,'198007122008122002',6,'15949724978590350412.png','Dinda Lestari','2020-07-17 07:54:58'),(23,'198007122008122002',7,'15949724978590350413.jpg','Dinda Lestari','2020-07-17 07:54:58');
/*!40000 ALTER TABLE `karyawan_dokumen` ENABLE KEYS */;
UNLOCK TABLES;

--
-- Table structure for table `master_dokumen`
--

DROP TABLE IF EXISTS `master_dokumen`;
/*!40101 SET @saved_cs_client     = @@character_set_client */;
/*!40101 SET character_set_client = utf8 */;
CREATE TABLE `master_dokumen` (
  `id_dokumen` int(2) NOT NULL AUTO_INCREMENT,
  `nama_dokumen` varchar(255) NOT NULL,
  PRIMARY KEY (`id_dokumen`)
) ENGINE=InnoDB AUTO_INCREMENT=8 DEFAULT CHARSET=latin1;
/*!40101 SET character_set_client = @saved_cs_client */;

--
-- Dumping data for table `master_dokumen`
--

LOCK TABLES `master_dokumen` WRITE;
/*!40000 ALTER TABLE `master_dokumen` DISABLE KEYS */;
INSERT INTO `master_dokumen` VALUES (1,'Ijazah Pendidikan Terakhir'),(2,'SK Pangkat Terakhir'),(3,'SK Jabatan Terakhir'),(4,'Daftar Riwayat Hidup'),(5,'SK Pengangkatan Jabfung'),(6,'Surat Pernyataan Kesediaan Diangkat Jafung'),(7,'Surat Keterangan tidak dalam hukuman disiplin');
/*!40000 ALTER TABLE `master_dokumen` ENABLE KEYS */;
UNLOCK TABLES;

--
-- Table structure for table `master_golongan`
--

DROP TABLE IF EXISTS `master_golongan`;
/*!40101 SET @saved_cs_client     = @@character_set_client */;
/*!40101 SET character_set_client = utf8 */;
CREATE TABLE `master_golongan` (
  `id_golongan` int(2) NOT NULL AUTO_INCREMENT,
  `golongan` varchar(50) NOT NULL,
  `nama_golongan` varchar(255) NOT NULL,
  `id_jenjang` int(10) NOT NULL,
  PRIMARY KEY (`id_golongan`),
  KEY `id_jenjang` (`id_jenjang`),
  CONSTRAINT `master_golongan_ibfk_1` FOREIGN KEY (`id_jenjang`) REFERENCES `master_jenjang` (`id_jenjang`)
) ENGINE=InnoDB AUTO_INCREMENT=10 DEFAULT CHARSET=latin1;
/*!40101 SET character_set_client = @saved_cs_client */;

--
-- Dumping data for table `master_golongan`
--

LOCK TABLES `master_golongan` WRITE;
/*!40000 ALTER TABLE `master_golongan` DISABLE KEYS */;
INSERT INTO `master_golongan` VALUES (1,'III.b','Pertama',1),(2,'III.c','Penata',2),(3,'III.d','Penata Tingkat I',2),(4,'IV.a','Pembina',3),(5,'IV.b','Pembina Tingkat I',3),(6,'IV.c','Pembina Utama Muda',3),(8,'IV.d','Pembina Utama Madya',4),(9,'IV.e','Pembina Utama',4);
/*!40000 ALTER TABLE `master_golongan` ENABLE KEYS */;
UNLOCK TABLES;

--
-- Table structure for table `master_instansi`
--

DROP TABLE IF EXISTS `master_instansi`;
/*!40101 SET @saved_cs_client     = @@character_set_client */;
/*!40101 SET character_set_client = utf8 */;
CREATE TABLE `master_instansi` (
  `id_instansi` int(10) NOT NULL AUTO_INCREMENT,
  `nama_instansi` varchar(255) NOT NULL,
  PRIMARY KEY (`id_instansi`)
) ENGINE=InnoDB AUTO_INCREMENT=2 DEFAULT CHARSET=latin1;
/*!40101 SET character_set_client = @saved_cs_client */;

--
-- Dumping data for table `master_instansi`
--

LOCK TABLES `master_instansi` WRITE;
/*!40000 ALTER TABLE `master_instansi` DISABLE KEYS */;
INSERT INTO `master_instansi` VALUES (1,'BPSDM Kementerian Dalam Negeri');
/*!40000 ALTER TABLE `master_instansi` ENABLE KEYS */;
UNLOCK TABLES;

--
-- Table structure for table `master_jenispegawai`
--

DROP TABLE IF EXISTS `master_jenispegawai`;
/*!40101 SET @saved_cs_client     = @@character_set_client */;
/*!40101 SET character_set_client = utf8 */;
CREATE TABLE `master_jenispegawai` (
  `id_jenispegawai` int(2) NOT NULL AUTO_INCREMENT,
  `jenispegawai` varchar(255) NOT NULL,
  PRIMARY KEY (`id_jenispegawai`)
) ENGINE=MyISAM AUTO_INCREMENT=3 DEFAULT CHARSET=latin1;
/*!40101 SET character_set_client = @saved_cs_client */;

--
-- Dumping data for table `master_jenispegawai`
--

LOCK TABLES `master_jenispegawai` WRITE;
/*!40000 ALTER TABLE `master_jenispegawai` DISABLE KEYS */;
INSERT INTO `master_jenispegawai` VALUES (1,'Fungsional'),(2,'Struktural');
/*!40000 ALTER TABLE `master_jenispegawai` ENABLE KEYS */;
UNLOCK TABLES;

--
-- Table structure for table `master_jenjang`
--

DROP TABLE IF EXISTS `master_jenjang`;
/*!40101 SET @saved_cs_client     = @@character_set_client */;
/*!40101 SET character_set_client = utf8 */;
CREATE TABLE `master_jenjang` (
  `id_jenjang` int(10) NOT NULL AUTO_INCREMENT,
  `nama_jenjang` varchar(255) NOT NULL,
  `id_tipefungsional` int(2) NOT NULL,
  PRIMARY KEY (`id_jenjang`),
  KEY `id_tipefungsional` (`id_tipefungsional`),
  CONSTRAINT `master_jenjang_ibfk_1` FOREIGN KEY (`id_tipefungsional`) REFERENCES `master_tipefungsional` (`id_tipefungsional`)
) ENGINE=InnoDB AUTO_INCREMENT=5 DEFAULT CHARSET=latin1;
/*!40101 SET character_set_client = @saved_cs_client */;

--
-- Dumping data for table `master_jenjang`
--

LOCK TABLES `master_jenjang` WRITE;
/*!40000 ALTER TABLE `master_jenjang` DISABLE KEYS */;
INSERT INTO `master_jenjang` VALUES (1,'Ahli Pratama',1),(2,'Ahli Muda',1),(3,'Ahli Madya',1),(4,'Ahli Utama',1);
/*!40000 ALTER TABLE `master_jenjang` ENABLE KEYS */;
UNLOCK TABLES;

--
-- Table structure for table `master_kategori`
--

DROP TABLE IF EXISTS `master_kategori`;
/*!40101 SET @saved_cs_client     = @@character_set_client */;
/*!40101 SET character_set_client = utf8 */;
CREATE TABLE `master_kategori` (
  `id_kategori` int(2) NOT NULL AUTO_INCREMENT,
  `nama_kategori` varchar(255) NOT NULL,
  PRIMARY KEY (`id_kategori`)
) ENGINE=InnoDB AUTO_INCREMENT=2 DEFAULT CHARSET=latin1;
/*!40101 SET character_set_client = @saved_cs_client */;

--
-- Dumping data for table `master_kategori`
--

LOCK TABLES `master_kategori` WRITE;
/*!40000 ALTER TABLE `master_kategori` DISABLE KEYS */;
INSERT INTO `master_kategori` VALUES (1,'Unsur Utama');
/*!40000 ALTER TABLE `master_kategori` ENABLE KEYS */;
UNLOCK TABLES;

--
-- Table structure for table `master_kegiatan`
--

DROP TABLE IF EXISTS `master_kegiatan`;
/*!40101 SET @saved_cs_client     = @@character_set_client */;
/*!40101 SET character_set_client = utf8 */;
CREATE TABLE `master_kegiatan` (
  `id_kegiatan` int(10) NOT NULL AUTO_INCREMENT,
  `nama_kegiatan` varchar(255) NOT NULL,
  `kode_kegiatan` int(2) DEFAULT NULL,
  `satuan_hasil` varchar(255) DEFAULT NULL,
  `angka_kredit` float DEFAULT NULL,
  `pelaksanaan` varchar(255) DEFAULT NULL,
  `parent_id` int(10) DEFAULT NULL,
  `id_subunsur` int(10) DEFAULT NULL,
  `is_pilih` int(1) NOT NULL DEFAULT '1',
  PRIMARY KEY (`id_kegiatan`),
  KEY `id_subunsur` (`id_subunsur`),
  KEY `kode_kegiatan` (`kode_kegiatan`)
) ENGINE=InnoDB AUTO_INCREMENT=76 DEFAULT CHARSET=latin1;
/*!40101 SET character_set_client = @saved_cs_client */;

--
-- Dumping data for table `master_kegiatan`
--

LOCK TABLES `master_kegiatan` WRITE;
/*!40000 ALTER TABLE `master_kegiatan` DISABLE KEYS */;
INSERT INTO `master_kegiatan` VALUES (1,'Mengikuti pendidikan formal/sekolah dan memperoleh  ',0,'',0,'',0,1,1),(2,'Doktor (S3)  ',1,'Ijazah',200,'Semua Jenjang',1,1,0),(3,'Magister (S2)		  ',2,'Ijazah',150,'Semua Jenjang',1,1,0),(4,'Mengikuti Diklat fungsional/teknis yang mendukung tugas Widyaiswara dan memperoleh Surat Tanda Tamat Pendidikan dan Pelatihan (STTPP) / sertifikat (minimal 10 JP) 			 			 			  ',3,'STTPP/Sertifikat',0.2,'Semua Jenjang',0,2,1),(5,'Persiapan  ',0,'',0,'',0,3,1),(6,'Menyusun Bahan Diklat dalam bentuk:	  ',0,'',0,'',5,3,1),(7,'Bahan ajar  ',4,'Makalah',0.6,'Semua Jenjang',6,3,1),(8,'Bahan tayang  ',5,'Bahan Tayang',0.6,'Semua Jenjang',6,3,1),(9,'Bahan Peraga  ',6,'Bahan Peraga',0.6,'Semua Jenjang',6,3,1),(10,'GBPP/RBPMB dan SAP/RP  ',7,'GBPP/RBPMB dan SAP/RP',0.6,'Semua Jenjang',6,3,1),(11,'Menyusun soal/materi ujian Diklat untuk: 	  ',0,'',0,'',5,3,1),(12,'Pre test - Post test  ',8,'Naskah soal',0.2,'Semua Jenjang',11,3,1),(13,'Komprehensif test  ',9,'Naskah soal',0.2,'Semua Jenjang',11,3,1),(14,'Kasus  ',10,'Naskah soal',0.2,'Semua Jenjang',11,3,1),(15,'Pelaksanaan  ',0,'',0,'',0,3,1),(16,'Melaksanakan tatap muka Diklat (PNS)  ',11,'Jam Pelajaran',0.2,'Jenjang Pertama',15,3,1),(17,'Melaksanakan tatap muka Diklat (PNS)  ',12,'Jam Pelajaran',0.4,'Jenjang Muda',15,3,1),(18,'Melaksanakan tatap muka Diklat (PNS)  ',13,'Jam Pelajaran',0.6,'Jenjang Madya',15,3,1),(19,'Melaksanakan tatap muka Diklat (PNS)  ',14,'Jam Pelajaran',0.8,'Jenjang Utama',15,3,1),(20,'Melaksanakan tatap muka Diklat (PNS)  ',15,'Jam Pelajaran',0,'Semua Jenjang',15,3,1),(21,'Melaksanakan Pembimbingan  ',16,'Jam Pelajaran',0,'Semua Jenjang',15,3,1),(22,'Melaksanakan Pendampingan OL / PKL / Benchmarking  ',17,'Laporan',0.5,'Semua Jenjang',15,3,1),(23,'Melaksanakan Pendampingan Penulisan Kertas Kerja / Proyek Perubahan  ',18,'Per Kertas Kerja (Maksimal 5 KK/PP)',0.5,'Semua Jenjang',15,3,1),(24,'Memeriksa Hasil Ujian Diklat untuk:  ',0,'',0,'',15,3,1),(25,'Pre test - Post test  ',19,'Laporan',0.1,'Semua Jenjang',24,3,1),(26,'Komprehensif test  ',20,'Laporan',0.1,'Semua Jenjang',24,3,1),(27,'Kasus  ',21,'Laporan',0.3,'Semua Jenjang',24,3,1),(28,'Melakukan coaching pada proses penyelenggaraan  ',22,'Laporan per Program',2,'Semua Jenjang',15,3,1),(29,'Evaluasi Diklat  ',0,'',0,'',0,4,1),(30,'Terlibat dalam mengevaluasi penyelanggaraan Diklat di instasinya  ',23,'Laporan',0.4,'Semua Jenjang',29,4,1),(31,'Terlibat dalam pengevaluasi kinerja Widyaiswara  ',24,'Laporan',0.1,'Semua Jenjang',29,4,1),(32,'Pengembangan Diklat  ',0,'',0,'',0,4,1),(33,'Terlibat dalam pelaksanaan Analisis Kebutuhan Diklat (AKD)  ',25,'Laporan',2.5,'Semua Jenjang',32,4,1),(34,'Terlibat dalam penyusunan Kurikulum Diklat  ',26,'Laporan',1.5,'Semua Jenjang',32,4,1),(35,'Terlibat dalam penyusunan Modul Diklat  ',27,'Modul',5,'Semua Jenjang',32,4,1),(36,'Membuat Karya Tulis/Karya Ilmiah dalam bidang spesialisasi keahliannya dan lingkup kediklatannya, dalam bentuk:  ',0,'',0,'',0,5,1),(37,'Buku dengan ISBN diterbitkan secara nasional  ',28,'Buku',25,'Semua Jenjang',36,5,1),(38,'Non Buku, yang dimuat dalam:  ',0,'',0,'',36,5,1),(39,'Jurnal Ilmiah:  ',0,'',0,'',38,5,1),(40,'Internasional  ',29,'Artikel',20,'Semua Jenjang',39,5,1),(41,'Nasional terakreditasi  ',30,'Artikel',10,'Semua Jenjang',39,5,1),(42,'Nasional tidak terakreditasi  ',31,'Artikel',5,'Semua Jenjang',39,5,1),(43,'Majalah Ilmiah  ',32,'Artikel',2.5,'Semua Jenjang',38,5,1),(44,'Buku Proceeding:  ',0,'',0,'',38,5,1),(45,'Internasional  ',33,'Artikel',5,'Semua Jenjang',44,5,1),(46,'Nasional  ',34,'Artikel',2.5,'Semua Jenjang',44,5,1),(47,'Instansi  ',35,'Artikel',1,'Semua Jenjang',44,5,1),(48,'Makalah dalam pertemuan ilmiah  ',0,'',0,'',36,5,1),(49,'Internasional  ',36,'Makalah',5,'Semua Jenjang',48,5,1),(50,'Nasional  ',37,'Makalah',2.5,'Semua Jenjang',48,5,1),(51,'Instansi  ',38,'Makalah',1,'Semua Jenjang',48,5,1),(52,'Meneumkan inovasi yang dipatenkan sesuai bidang spesialisasi dan telah masuk dalam daftar paten  ',39,'Sertifikat Paten',20,'Semua Jenjang',0,6,1),(53,'Menyusun buku pedoman/ketentuan pelaksanaan/ketentuan teknis di bidang kediklatan  ',40,'Buku Pedoman',0.5,'Semua Jenjang',0,7,1),(54,'Melaksanakan Orasi Ilmiah sesuai spesialisasinya  ',41,'Berita Acara, KTI dan Sinopsis',5,'Semua Jenjang',0,8,1),(55,'Mengikuti seminar/lokakarya/konferensi dibidang kediklatan,sebagai:  ',0,'',0,'',0,9,1),(56,'Narasumber/pembahas/penyaji/ketua panitia  ',42,'Per Kegiatan',2,'Semua Jenjang',55,9,1),(57,'Moderator/peserta/anggota panitia  ',43,'Per Kegiatan',1,'Semua Jenjang',55,9,1),(58,'Menjadi anggota organisasi profesi, sebagai:  ',0,'',0,'',0,10,1),(59,'Pengurus  ',44,'Per Tahun',1,'Semua Jenjang',58,10,1),(60,'Anggota  ',45,'Per Tahun',0.7,'Semua Jenjang',58,10,1),(61,'Membimbing Widyaiswara dibawah jenjang jabatannya  ',46,'Laporan',1,'Jenjang Utama, Madya, Muda',0,11,1),(62,'Menulis artikel di Surat Kabar:  ',0,'',0,'',0,9,1),(63,'Nasional  ',47,'Artikel',3,'Semua Jenjang',62,12,1),(64,'Provinsi/Kabupaten/Kota  ',48,'Artikel',1.5,'Semua Jenjang',62,12,1),(65,'Menulis artikel di Website  ',49,'Artikel',1,'Jenjang Utama, Madya, Muda',0,13,1),(66,'Memperoleh gelar kesarjanaan lainnya yang tidak sesuai bidang spesialisasinya dan/atau lebih dari satu kali pada jenjang pendidikan yang sama, pada program  ',0,'',0,'',0,14,1),(67,'Doktor (S-3)  ',50,'Ijazah',15,'Semua Jenjang',66,14,1),(68,'Magister (S-2)  ',51,'Ijazah',10,'Semua Jenjang',66,14,1),(69,'Sarjana (S-1)  ',52,'Ijazah',5,'Semua Jenjang',66,14,1),(70,'Memperoleh penghargaan Satya Lencana Karya Satya, lamanya:  ',0,'',0,'',0,15,1),(71,'30 (tiga puluh) tahun  ',53,'Piagam',3,'Semua Jenjang',66,15,1),(72,'20 (tiga puluh) tahun  ',54,'Piagam',2,'Semua Jenjang',66,15,1),(73,'10 (tiga puluh) tahun  ',55,'Piagam',1,'Semua Jenjang',66,15,1),(74,'Memperoleh penghargaan lainnya dari pemerintah  ',56,'Piagam',1,'Semua Jenjang',0,15,1),(75,'Memperoleh gelar kehormatan akademis  ',57,'Gelar',10,'Semua Jenjang',0,15,1);
/*!40000 ALTER TABLE `master_kegiatan` ENABLE KEYS */;
UNLOCK TABLES;

--
-- Table structure for table `master_level`
--

DROP TABLE IF EXISTS `master_level`;
/*!40101 SET @saved_cs_client     = @@character_set_client */;
/*!40101 SET character_set_client = utf8 */;
CREATE TABLE `master_level` (
  `id_level` int(2) NOT NULL AUTO_INCREMENT,
  `level_user` varchar(255) NOT NULL,
  PRIMARY KEY (`id_level`)
) ENGINE=InnoDB AUTO_INCREMENT=3 DEFAULT CHARSET=latin1;
/*!40101 SET character_set_client = @saved_cs_client */;

--
-- Dumping data for table `master_level`
--

LOCK TABLES `master_level` WRITE;
/*!40000 ALTER TABLE `master_level` DISABLE KEYS */;
INSERT INTO `master_level` VALUES (1,'SuperAdmin'),(2,'Dupak');
/*!40000 ALTER TABLE `master_level` ENABLE KEYS */;
UNLOCK TABLES;

--
-- Table structure for table `master_pendidikan`
--

DROP TABLE IF EXISTS `master_pendidikan`;
/*!40101 SET @saved_cs_client     = @@character_set_client */;
/*!40101 SET character_set_client = utf8 */;
CREATE TABLE `master_pendidikan` (
  `kode_pendidikan` int(2) NOT NULL AUTO_INCREMENT,
  `nama_pendidikan` varchar(20) NOT NULL,
  PRIMARY KEY (`kode_pendidikan`)
) ENGINE=InnoDB AUTO_INCREMENT=8 DEFAULT CHARSET=latin1;
/*!40101 SET character_set_client = @saved_cs_client */;

--
-- Dumping data for table `master_pendidikan`
--

LOCK TABLES `master_pendidikan` WRITE;
/*!40000 ALTER TABLE `master_pendidikan` DISABLE KEYS */;
INSERT INTO `master_pendidikan` VALUES (1,'SD'),(2,'SMP'),(3,'SMA'),(4,'D1 - D4'),(5,'S1'),(6,'S2'),(7,'S3');
/*!40000 ALTER TABLE `master_pendidikan` ENABLE KEYS */;
UNLOCK TABLES;

--
-- Table structure for table `master_perhitungan`
--

DROP TABLE IF EXISTS `master_perhitungan`;
/*!40101 SET @saved_cs_client     = @@character_set_client */;
/*!40101 SET character_set_client = utf8 */;
CREATE TABLE `master_perhitungan` (
  `id_hitung` int(11) NOT NULL AUTO_INCREMENT,
  `id_tipefungsional` int(2) DEFAULT NULL,
  `id_subunsur` varchar(255) DEFAULT NULL,
  `persentase` double DEFAULT NULL,
  `id_ref_operator` varchar(5) DEFAULT NULL,
  `id2` int(4) NOT NULL DEFAULT '0',
  `ref_table` varchar(255) DEFAULT NULL,
  `keterangan` text,
  PRIMARY KEY (`id_hitung`),
  UNIQUE KEY `id_tipefungsional` (`id_tipefungsional`,`id2`),
  CONSTRAINT `master_perhitungan_ibfk_1` FOREIGN KEY (`id_tipefungsional`) REFERENCES `master_tipefungsional` (`id_tipefungsional`) ON DELETE NO ACTION ON UPDATE NO ACTION
) ENGINE=InnoDB AUTO_INCREMENT=5 DEFAULT CHARSET=latin1 PACK_KEYS=0;
/*!40101 SET character_set_client = @saved_cs_client */;

--
-- Dumping data for table `master_perhitungan`
--

LOCK TABLES `master_perhitungan` WRITE;
/*!40000 ALTER TABLE `master_perhitungan` DISABLE KEYS */;
INSERT INTO `master_perhitungan` VALUES (1,1,'1,2,3,4,5,6,7,8',80,'LS',1,NULL,'Minimal 80% dari Total AK\r\nUnsur Pendidikan, Dirjatih, Pengembangan Diklat\r\n'),(2,1,'9,10,11,12,13,14,15',20,'KS',2,NULL,'maximal 20% dari total AK\r\nUnsur Pengembangan Profesi'),(3,1,'3,4',30,'LS',3,NULL,'Minimal 30% dari Total AK\r\nSub Unsur Dirjatih PNS dan Evaluasi Pengembangan Diklat\r\n'),(4,1,'5,6,7,8',0,'LS',4,'ref_kelulusan_golongan.angka_d_min','Akan dibuat komposisi table berdasarkan 2015 Perkalan 26 Thn 2015.pdf\r\nUnsur Pengembangan Profesi');
/*!40000 ALTER TABLE `master_perhitungan` ENABLE KEYS */;
UNLOCK TABLES;

--
-- Table structure for table `master_ref_operator`
--

DROP TABLE IF EXISTS `master_ref_operator`;
/*!40101 SET @saved_cs_client     = @@character_set_client */;
/*!40101 SET character_set_client = utf8 */;
CREATE TABLE `master_ref_operator` (
  `id_ref_operator` varchar(5) NOT NULL,
  `nama_ref_operator` varchar(30) NOT NULL,
  `symbol_ref_operator` varchar(5) NOT NULL,
  PRIMARY KEY (`id_ref_operator`)
) ENGINE=MyISAM DEFAULT CHARSET=latin1;
/*!40101 SET character_set_client = @saved_cs_client */;

--
-- Dumping data for table `master_ref_operator`
--

LOCK TABLES `master_ref_operator` WRITE;
/*!40000 ALTER TABLE `master_ref_operator` DISABLE KEYS */;
INSERT INTO `master_ref_operator` VALUES ('LS','LEBIH BESAR DARI ATAU SAMA DEN','>='),('LB','LEBIH BESAR DARI','>'),('KS','KURANG DARI ATAU SAMA DENGAN D','<='),('K','KURANG DARI','<');
/*!40000 ALTER TABLE `master_ref_operator` ENABLE KEYS */;
UNLOCK TABLES;

--
-- Table structure for table `master_status`
--

DROP TABLE IF EXISTS `master_status`;
/*!40101 SET @saved_cs_client     = @@character_set_client */;
/*!40101 SET character_set_client = utf8 */;
CREATE TABLE `master_status` (
  `id_status` int(2) NOT NULL AUTO_INCREMENT,
  `status` varchar(255) NOT NULL,
  PRIMARY KEY (`id_status`)
) ENGINE=InnoDB AUTO_INCREMENT=100 DEFAULT CHARSET=latin1;
/*!40101 SET character_set_client = @saved_cs_client */;

--
-- Dumping data for table `master_status`
--

LOCK TABLES `master_status` WRITE;
/*!40000 ALTER TABLE `master_status` DISABLE KEYS */;
INSERT INTO `master_status` VALUES (1,'Diinput'),(2,'Diajukan'),(3,'Di Approve Admin'),(4,'Dikirim ke Penguji'),(5,'Di Approve Penguji'),(98,'Ditolak Penguji'),(99,'Perlu Di Revisi');
/*!40000 ALTER TABLE `master_status` ENABLE KEYS */;
UNLOCK TABLES;

--
-- Table structure for table `master_statuspenilaian`
--

DROP TABLE IF EXISTS `master_statuspenilaian`;
/*!40101 SET @saved_cs_client     = @@character_set_client */;
/*!40101 SET character_set_client = utf8 */;
CREATE TABLE `master_statuspenilaian` (
  `status` int(2) NOT NULL AUTO_INCREMENT,
  `status_penilaian` varchar(255) NOT NULL,
  PRIMARY KEY (`status`)
) ENGINE=InnoDB AUTO_INCREMENT=100 DEFAULT CHARSET=latin1;
/*!40101 SET character_set_client = @saved_cs_client */;

--
-- Dumping data for table `master_statuspenilaian`
--

LOCK TABLES `master_statuspenilaian` WRITE;
/*!40000 ALTER TABLE `master_statuspenilaian` DISABLE KEYS */;
INSERT INTO `master_statuspenilaian` VALUES (1,'Dikirim ke Admin'),(2,'Di Proses Admin'),(3,'Di Kirim ke Penguji'),(4,'Di Proses Penguji'),(5,'Layak Direkomendasikan'),(6,'Belum Layak Naik Pangkat'),(99,'Ajukan Ulang');
/*!40000 ALTER TABLE `master_statuspenilaian` ENABLE KEYS */;
UNLOCK TABLES;

--
-- Table structure for table `master_subunsur`
--

DROP TABLE IF EXISTS `master_subunsur`;
/*!40101 SET @saved_cs_client     = @@character_set_client */;
/*!40101 SET character_set_client = utf8 */;
CREATE TABLE `master_subunsur` (
  `id_subunsur` int(10) NOT NULL AUTO_INCREMENT,
  `nama_subunsur` varchar(255) NOT NULL,
  `id_unsur` int(2) NOT NULL,
  PRIMARY KEY (`id_subunsur`),
  KEY `id_unsur` (`id_unsur`)
) ENGINE=InnoDB AUTO_INCREMENT=16 DEFAULT CHARSET=latin1;
/*!40101 SET character_set_client = @saved_cs_client */;

--
-- Dumping data for table `master_subunsur`
--

LOCK TABLES `master_subunsur` WRITE;
/*!40000 ALTER TABLE `master_subunsur` DISABLE KEYS */;
INSERT INTO `master_subunsur` VALUES (1,'Pendidikan formal/sekolah dan memperoleh ijazah/gelar',1),(2,'Diklat fungsional/ teknis yang mendukung tugas Widyaiswara dan memperoleh Surat Tanda Tamat Pendidikan dan Pelatihan (STTPP)/sertifikat.',1),(3,'Pelaksanaan Dikjartih PNS	 	 	 	 	 	 	 	 	 	 	 	 	 	 	 	 	 	 	 	 	 	 	 	 	 	 	',2),(4,'Evaluasi dan Pengembangan Diklat	 	 	 	 	 	 	 	 	',3),(5,'Pembuatan Karya Tulis /Karya Ilmiah dalam bidang spesialisasi keahliannya dan lingkup',4),(6,'Penemuan inovasi yang dipatenkan dan telah masuk daftar paten sesuai bidang spesialisasi keahliannya.',4),(7,'Penyusunan buku pedoman/ketentuan pelaksanaan/ketentuan teknis dibidang kediklatan',4),(8,'Pelaksanaan Orasi Ilmiah sesuai sepesialisasinya',4),(9,'Peran serta dalam seminar/lokakarya/konferensi dibidang kediklatan',5),(10,'Keanggotaan dalam organisasi profesi',5),(11,'Pembimbingan kepada Widyaiswara dibawah jenjang jabatannya',5),(12,'Penulisan artikel pada surat kabar',5),(13,'Penulisan artikel pada Website',5),(14,'Perolehan gelar/ijazah kesarjanaan lainnya',5),(15,'Perolehan penghargaan / tanda jasa',5);
/*!40000 ALTER TABLE `master_subunsur` ENABLE KEYS */;
UNLOCK TABLES;

--
-- Table structure for table `master_tipefungsional`
--

DROP TABLE IF EXISTS `master_tipefungsional`;
/*!40101 SET @saved_cs_client     = @@character_set_client */;
/*!40101 SET character_set_client = utf8 */;
CREATE TABLE `master_tipefungsional` (
  `id_tipefungsional` int(2) NOT NULL AUTO_INCREMENT,
  `tipe_fungsional` varchar(50) NOT NULL,
  PRIMARY KEY (`id_tipefungsional`)
) ENGINE=InnoDB AUTO_INCREMENT=2 DEFAULT CHARSET=latin1;
/*!40101 SET character_set_client = @saved_cs_client */;

--
-- Dumping data for table `master_tipefungsional`
--

LOCK TABLES `master_tipefungsional` WRITE;
/*!40000 ALTER TABLE `master_tipefungsional` DISABLE KEYS */;
INSERT INTO `master_tipefungsional` VALUES (1,'Widyaiswara');
/*!40000 ALTER TABLE `master_tipefungsional` ENABLE KEYS */;
UNLOCK TABLES;

--
-- Table structure for table `master_unsur`
--

DROP TABLE IF EXISTS `master_unsur`;
/*!40101 SET @saved_cs_client     = @@character_set_client */;
/*!40101 SET character_set_client = utf8 */;
CREATE TABLE `master_unsur` (
  `id_unsur` int(2) NOT NULL AUTO_INCREMENT,
  `nama_unsur` varchar(255) NOT NULL,
  `id_utama` int(2) NOT NULL,
  PRIMARY KEY (`id_unsur`)
) ENGINE=InnoDB AUTO_INCREMENT=6 DEFAULT CHARSET=latin1;
/*!40101 SET character_set_client = @saved_cs_client */;

--
-- Dumping data for table `master_unsur`
--

LOCK TABLES `master_unsur` WRITE;
/*!40000 ALTER TABLE `master_unsur` DISABLE KEYS */;
INSERT INTO `master_unsur` VALUES (1,'Pendidikan',1),(2,'Dikjartih PNS',1),(3,'Evaluasi dan Pengembangan Diklat',1),(4,'Pengembangan Profesi',1),(5,'PENUNJANG TUGAS WIDYAISWARA',2);
/*!40000 ALTER TABLE `master_unsur` ENABLE KEYS */;
UNLOCK TABLES;

--
-- Table structure for table `master_utama`
--

DROP TABLE IF EXISTS `master_utama`;
/*!40101 SET @saved_cs_client     = @@character_set_client */;
/*!40101 SET character_set_client = utf8 */;
CREATE TABLE `master_utama` (
  `id_utama` int(11) NOT NULL,
  `nama_utama` varchar(30) NOT NULL,
  PRIMARY KEY (`id_utama`)
) ENGINE=InnoDB DEFAULT CHARSET=latin1;
/*!40101 SET character_set_client = @saved_cs_client */;

--
-- Dumping data for table `master_utama`
--

LOCK TABLES `master_utama` WRITE;
/*!40000 ALTER TABLE `master_utama` DISABLE KEYS */;
INSERT INTO `master_utama` VALUES (1,'UNSUR UTAMA'),(2,'UNSUR PENUNJANG');
/*!40000 ALTER TABLE `master_utama` ENABLE KEYS */;
UNLOCK TABLES;

--
-- Table structure for table `notifikasi`
--

DROP TABLE IF EXISTS `notifikasi`;
/*!40101 SET @saved_cs_client     = @@character_set_client */;
/*!40101 SET character_set_client = utf8 */;
CREATE TABLE `notifikasi` (
  `id_notifikasi` int(10) NOT NULL AUTO_INCREMENT,
  `notifikasi` text NOT NULL,
  `tujuan` varchar(255) NOT NULL,
  `nip_tujuan` varchar(255) NOT NULL,
  `url_tujuan` varchar(255) NOT NULL,
  `read` int(1) NOT NULL DEFAULT '0',
  `created_by` varchar(255) NOT NULL,
  `created_date` datetime NOT NULL,
  `read_date` datetime NOT NULL,
  PRIMARY KEY (`id_notifikasi`)
) ENGINE=InnoDB DEFAULT CHARSET=latin1;
/*!40101 SET character_set_client = @saved_cs_client */;

--
-- Dumping data for table `notifikasi`
--

LOCK TABLES `notifikasi` WRITE;
/*!40000 ALTER TABLE `notifikasi` DISABLE KEYS */;
/*!40000 ALTER TABLE `notifikasi` ENABLE KEYS */;
UNLOCK TABLES;

--
-- Table structure for table `pejabat`
--

DROP TABLE IF EXISTS `pejabat`;
/*!40101 SET @saved_cs_client     = @@character_set_client */;
/*!40101 SET character_set_client = utf8 */;
CREATE TABLE `pejabat` (
  `id_pejabat` int(10) NOT NULL AUTO_INCREMENT,
  `nama_pejabat` varchar(255) NOT NULL,
  `nip_pejabat` varchar(255) NOT NULL,
  `pangkat` varchar(255) NOT NULL,
  `jabatan` varchar(255) NOT NULL,
  `aktif` int(1) NOT NULL,
  PRIMARY KEY (`id_pejabat`)
) ENGINE=InnoDB AUTO_INCREMENT=2 DEFAULT CHARSET=latin1;
/*!40101 SET character_set_client = @saved_cs_client */;

--
-- Dumping data for table `pejabat`
--

LOCK TABLES `pejabat` WRITE;
/*!40000 ALTER TABLE `pejabat` DISABLE KEYS */;
INSERT INTO `pejabat` VALUES (1,'Teguh Setyabudi','19670308 199301 1 001','Pembina Utama Madya ','Kepala Badan Pengembangan Sumber Daya Manusia',1);
/*!40000 ALTER TABLE `pejabat` ENABLE KEYS */;
UNLOCK TABLES;

--
-- Table structure for table `penguji`
--

DROP TABLE IF EXISTS `penguji`;
/*!40101 SET @saved_cs_client     = @@character_set_client */;
/*!40101 SET character_set_client = utf8 */;
CREATE TABLE `penguji` (
  `id_penguji` int(10) NOT NULL AUTO_INCREMENT,
  `nip` varchar(30) NOT NULL,
  `tahun` int(4) NOT NULL,
  `created_by` varchar(255) DEFAULT NULL,
  `created_date` datetime DEFAULT NULL,
  `updated_by` varchar(255) DEFAULT NULL,
  `updated_date` timestamp NULL DEFAULT CURRENT_TIMESTAMP ON UPDATE CURRENT_TIMESTAMP,
  PRIMARY KEY (`id_penguji`)
) ENGINE=InnoDB AUTO_INCREMENT=23 DEFAULT CHARSET=latin1;
/*!40101 SET character_set_client = @saved_cs_client */;

--
-- Dumping data for table `penguji`
--

LOCK TABLES `penguji` WRITE;
/*!40000 ALTER TABLE `penguji` DISABLE KEYS */;
INSERT INTO `penguji` VALUES (22,'197403022001121001',2020,NULL,'2020-07-19 12:09:13',NULL,'2020-07-19 12:09:13');
/*!40000 ALTER TABLE `penguji` ENABLE KEYS */;
UNLOCK TABLES;

--
-- Table structure for table `penguji_jabfung`
--

DROP TABLE IF EXISTS `penguji_jabfung`;
/*!40101 SET @saved_cs_client     = @@character_set_client */;
/*!40101 SET character_set_client = utf8 */;
CREATE TABLE `penguji_jabfung` (
  `id_pengujijabfung` int(10) NOT NULL AUTO_INCREMENT,
  `nip_penguji` varchar(255) NOT NULL,
  `nip_jabfung` varchar(255) NOT NULL,
  `tahun` int(4) NOT NULL,
  `created_by` varchar(255) DEFAULT NULL,
  `created_date` datetime DEFAULT NULL,
  PRIMARY KEY (`id_pengujijabfung`)
) ENGINE=InnoDB AUTO_INCREMENT=35 DEFAULT CHARSET=latin1;
/*!40101 SET character_set_client = @saved_cs_client */;

--
-- Dumping data for table `penguji_jabfung`
--

LOCK TABLES `penguji_jabfung` WRITE;
/*!40000 ALTER TABLE `penguji_jabfung` DISABLE KEYS */;
INSERT INTO `penguji_jabfung` VALUES (32,'197403022001121001','198007122008122002',2020,NULL,'2020-07-16 08:05:37'),(33,'197403022001121001','199910082008122001',2020,'Ade Sulyansah, S.Sos, M.Si','2020-07-20 09:11:33'),(34,'197403022001121001','197807231999031003',2020,NULL,'2020-07-21 05:20:34');
/*!40000 ALTER TABLE `penguji_jabfung` ENABLE KEYS */;
UNLOCK TABLES;

--
-- Table structure for table `penilaian`
--

DROP TABLE IF EXISTS `penilaian`;
/*!40101 SET @saved_cs_client     = @@character_set_client */;
/*!40101 SET character_set_client = utf8 */;
CREATE TABLE `penilaian` (
  `id_penilaian` int(10) NOT NULL AUTO_INCREMENT,
  `tanggal_pengajuan` date NOT NULL,
  `nip` varchar(30) NOT NULL,
  `tahun` int(4) NOT NULL,
  `ak_lama0` double NOT NULL DEFAULT '0',
  `nip_penguji` varchar(30) NOT NULL,
  `created_by` varchar(255) NOT NULL,
  `created_date` datetime NOT NULL,
  `updated_by` varchar(255) NOT NULL,
  `updated_date` timestamp NOT NULL DEFAULT CURRENT_TIMESTAMP ON UPDATE CURRENT_TIMESTAMP,
  `status` int(1) NOT NULL DEFAULT '1',
  `golongan` varchar(255) NOT NULL,
  PRIMARY KEY (`id_penilaian`),
  KEY `id_kegiatan` (`tanggal_pengajuan`)
) ENGINE=InnoDB AUTO_INCREMENT=16 DEFAULT CHARSET=latin1;
/*!40101 SET character_set_client = @saved_cs_client */;

--
-- Dumping data for table `penilaian`
--

LOCK TABLES `penilaian` WRITE;
/*!40000 ALTER TABLE `penilaian` DISABLE KEYS */;
INSERT INTO `penilaian` VALUES (15,'2020-07-17','198007122008122002',2020,306.19,'197403022001121001','Dinda Lestari','2020-07-17 08:19:14','','2020-07-17 08:23:08',3,'III.c');
/*!40000 ALTER TABLE `penilaian` ENABLE KEYS */;
UNLOCK TABLES;

--
-- Table structure for table `penilaian_file`
--

DROP TABLE IF EXISTS `penilaian_file`;
/*!40101 SET @saved_cs_client     = @@character_set_client */;
/*!40101 SET character_set_client = utf8 */;
CREATE TABLE `penilaian_file` (
  `id_penilaian_file` int(10) NOT NULL AUTO_INCREMENT,
  `id_penilaian` int(10) NOT NULL,
  `file_upload` varchar(255) NOT NULL,
  `created_by` varchar(255) NOT NULL,
  `created_date` datetime NOT NULL,
  `updated_by` varchar(255) NOT NULL,
  `updated_date` timestamp NOT NULL DEFAULT CURRENT_TIMESTAMP ON UPDATE CURRENT_TIMESTAMP,
  PRIMARY KEY (`id_penilaian_file`),
  KEY `id_penilaian` (`id_penilaian`),
  CONSTRAINT `penilaian_file_ibfk_1` FOREIGN KEY (`id_penilaian`) REFERENCES `penilaian` (`id_penilaian`)
) ENGINE=InnoDB DEFAULT CHARSET=latin1;
/*!40101 SET character_set_client = @saved_cs_client */;

--
-- Dumping data for table `penilaian_file`
--

LOCK TABLES `penilaian_file` WRITE;
/*!40000 ALTER TABLE `penilaian_file` DISABLE KEYS */;
/*!40000 ALTER TABLE `penilaian_file` ENABLE KEYS */;
UNLOCK TABLES;

--
-- Table structure for table `ref_kelulusan_golongan`
--

DROP TABLE IF EXISTS `ref_kelulusan_golongan`;
/*!40101 SET @saved_cs_client     = @@character_set_client */;
/*!40101 SET character_set_client = utf8 */;
CREATE TABLE `ref_kelulusan_golongan` (
  `id_ref` int(10) NOT NULL AUTO_INCREMENT,
  `id_tipefungsional` int(2) NOT NULL,
  `nama_pendidikan` varchar(20) NOT NULL DEFAULT '',
  `id_golongan1` int(2) DEFAULT '0',
  `id_golongan2` int(2) NOT NULL,
  `angka_min` double NOT NULL,
  `angka_d_min` double NOT NULL,
  `keterangan` text NOT NULL,
  PRIMARY KEY (`id_ref`),
  KEY `id_tipefungsional` (`id_tipefungsional`),
  KEY `id_golongan1` (`id_golongan1`),
  KEY `id_golongan2` (`id_golongan2`),
  KEY `nama_pendidikan` (`nama_pendidikan`)
) ENGINE=InnoDB AUTO_INCREMENT=14 DEFAULT CHARSET=latin1;
/*!40101 SET character_set_client = @saved_cs_client */;

--
-- Dumping data for table `ref_kelulusan_golongan`
--

LOCK TABLES `ref_kelulusan_golongan` WRITE;
/*!40000 ALTER TABLE `ref_kelulusan_golongan` DISABLE KEYS */;
INSERT INTO `ref_kelulusan_golongan` VALUES (1,1,'S2',1,2,200,6,'DARI III.b KE III.c'),(2,1,'S2',2,3,300,8,'DARI III.c KE III.d'),(3,1,'S2',3,4,400,10,'DARI III.d KE IV.a'),(4,1,'S2',4,5,550,12,'DARI IV.a KE IV.b'),(5,1,'S2',5,6,700,14,'DARI IV.b KE IV.c'),(6,1,'S2',6,8,850,16,'DARI IV.c KE IV.d'),(7,1,'S2',8,9,1050,18,'DARI IV.d KE IV.e'),(8,1,'S3',2,3,300,8,'DARI III.c KE III.d'),(9,1,'S3',3,4,400,10,'DARI III.d KE IV.a'),(10,1,'S3',4,5,550,12,'DARI IV.a KE IV.b'),(11,1,'S3',5,6,700,14,'DARI IV.b KE IV.c'),(12,1,'S3',6,8,850,16,'DARI IV.b KE IV.c'),(13,1,'S3',8,9,1050,18,'DARI IV.d KE IV.e');
/*!40000 ALTER TABLE `ref_kelulusan_golongan` ENABLE KEYS */;
UNLOCK TABLES;

--
-- Table structure for table `ref_kelulusan_jabatan`
--

DROP TABLE IF EXISTS `ref_kelulusan_jabatan`;
/*!40101 SET @saved_cs_client     = @@character_set_client */;
/*!40101 SET character_set_client = utf8 */;
CREATE TABLE `ref_kelulusan_jabatan` (
  `id_ref` int(10) NOT NULL AUTO_INCREMENT,
  `id_tipefungsional` int(2) NOT NULL,
  `nama_pendidikan` varchar(20) DEFAULT '',
  `id_jenjang1` int(2) NOT NULL DEFAULT '0',
  `id_jenjang2` int(2) NOT NULL,
  `angka_min` double NOT NULL,
  `angka_d_min` double NOT NULL,
  `keterangan` text NOT NULL,
  PRIMARY KEY (`id_ref`),
  KEY `id_tipefungsional` (`id_tipefungsional`),
  KEY `id_jenjang2` (`id_jenjang2`),
  KEY `id_jenjang1` (`id_jenjang1`),
  KEY `nama_pendidikan` (`nama_pendidikan`),
  CONSTRAINT `ref_kelulusan_jabatan_ibfk_1` FOREIGN KEY (`id_jenjang1`) REFERENCES `master_jenjang` (`id_jenjang`) ON DELETE NO ACTION ON UPDATE NO ACTION,
  CONSTRAINT `ref_kelulusan_jabatan_ibfk_3` FOREIGN KEY (`id_tipefungsional`) REFERENCES `master_tipefungsional` (`id_tipefungsional`),
  CONSTRAINT `ref_kelulusan_jabatan_ibfk_4` FOREIGN KEY (`id_jenjang2`) REFERENCES `master_jenjang` (`id_jenjang`) ON DELETE NO ACTION ON UPDATE NO ACTION
) ENGINE=InnoDB AUTO_INCREMENT=4 DEFAULT CHARSET=latin1;
/*!40101 SET character_set_client = @saved_cs_client */;

--
-- Dumping data for table `ref_kelulusan_jabatan`
--

LOCK TABLES `ref_kelulusan_jabatan` WRITE;
/*!40000 ALTER TABLE `ref_kelulusan_jabatan` DISABLE KEYS */;
INSERT INTO `ref_kelulusan_jabatan` VALUES (1,1,'S2',1,2,200,8,'DARI Widyaiswara Ahli Pertama KE Widyaiswara Ahli Muda'),(2,1,'S2',2,3,400,10,'DARI Widyaiswara Ahli Muda KE Widyaiswara Ahli Madya'),(3,1,'S2',3,4,850,16,'DARI Widyaiswara Ahli Madya KE Widyaiswara Ahli Utama');
/*!40000 ALTER TABLE `ref_kelulusan_jabatan` ENABLE KEYS */;
UNLOCK TABLES;

--
-- Table structure for table `status_layak`
--

DROP TABLE IF EXISTS `status_layak`;
/*!40101 SET @saved_cs_client     = @@character_set_client */;
/*!40101 SET character_set_client = utf8 */;
CREATE TABLE `status_layak` (
  `id_status` int(11) NOT NULL AUTO_INCREMENT,
  `nip` varchar(50) NOT NULL,
  `layak` varchar(2) NOT NULL,
  `tahun` int(4) NOT NULL,
  PRIMARY KEY (`id_status`)
) ENGINE=InnoDB DEFAULT CHARSET=latin1;
/*!40101 SET character_set_client = @saved_cs_client */;

--
-- Dumping data for table `status_layak`
--

LOCK TABLES `status_layak` WRITE;
/*!40000 ALTER TABLE `status_layak` DISABLE KEYS */;
/*!40000 ALTER TABLE `status_layak` ENABLE KEYS */;
UNLOCK TABLES;

--
-- Table structure for table `users`
--

DROP TABLE IF EXISTS `users`;
/*!40101 SET @saved_cs_client     = @@character_set_client */;
/*!40101 SET character_set_client = utf8 */;
CREATE TABLE `users` (
  `id_user` int(10) NOT NULL AUTO_INCREMENT,
  `nip` varchar(255) NOT NULL,
  `password` varchar(255) NOT NULL,
  `aktif` int(1) NOT NULL DEFAULT '1',
  `is_admin` int(1) NOT NULL,
  `is_dupak` int(1) NOT NULL,
  `is_penguji` int(1) NOT NULL,
  `last_login` datetime NOT NULL,
  `token` varchar(255) NOT NULL,
  `photo` varchar(255) NOT NULL,
  PRIMARY KEY (`id_user`),
  UNIQUE KEY `nip` (`nip`)
) ENGINE=InnoDB AUTO_INCREMENT=51 DEFAULT CHARSET=latin1;
/*!40101 SET character_set_client = @saved_cs_client */;

--
-- Dumping data for table `users`
--

LOCK TABLES `users` WRITE;
/*!40000 ALTER TABLE `users` DISABLE KEYS */;
INSERT INTO `users` VALUES (4,'admin','21232f297a57a5a743894a0e4a801fc3',1,1,0,0,'2020-02-23 09:53:18','',''),(47,'198007122008122002','0ee52dd5297cbaaa143fcf2b6674a62a',1,0,1,0,'2020-07-21 04:59:15','','198007122008122002-170720.jpg'),(48,'197403022001121001','ee006e96355599b9b1519cce15864e10',1,0,1,1,'2020-07-20 14:47:46','','197403022001121001-170720.png'),(49,'199910082008122001','8a123c41046cb60d44a3d264003ea952',1,0,1,0,'2020-07-21 09:28:33','',''),(50,'197807231999031003','8db48568f5746cd1140b3f561962710e',1,0,1,0,'2020-07-21 05:36:08','','');
/*!40000 ALTER TABLE `users` ENABLE KEYS */;
UNLOCK TABLES;

--
-- Temporary table structure for view `v_all_kegiatan`
--

DROP TABLE IF EXISTS `v_all_kegiatan`;
/*!50001 DROP VIEW IF EXISTS `v_all_kegiatan`*/;
SET @saved_cs_client     = @@character_set_client;
SET character_set_client = utf8;
/*!50001 CREATE TABLE `v_all_kegiatan` (
  `nama_utama` tinyint NOT NULL,
  `nama_unsur` tinyint NOT NULL,
  `nama_subunsur` tinyint NOT NULL,
  `kegiatan` tinyint NOT NULL,
  `id_kegiatan` tinyint NOT NULL,
  `parent_top` tinyint NOT NULL,
  `parent_utama` tinyint NOT NULL,
  `parent_kedua` tinyint NOT NULL,
  `kode_kegiatan` tinyint NOT NULL,
  `nama_kegiatan` tinyint NOT NULL,
  `satuan_hasil` tinyint NOT NULL,
  `angka_kredit` tinyint NOT NULL,
  `pelaksanaan` tinyint NOT NULL,
  `id_subunsur` tinyint NOT NULL,
  `is_pilih` tinyint NOT NULL
) ENGINE=MyISAM */;
SET character_set_client = @saved_cs_client;

--
-- Table structure for table `v_detail`
--

DROP TABLE IF EXISTS `v_detail`;
/*!40101 SET @saved_cs_client     = @@character_set_client */;
/*!40101 SET character_set_client = utf8 */;
CREATE TABLE `v_detail` (
  `kode_kegiatan` varchar(255) DEFAULT NULL,
  `nama_kegiatan` varchar(255) NOT NULL,
  `satuan_hasil` varchar(255) DEFAULT NULL,
  `angka_kredit` float DEFAULT NULL,
  `pelaksanaan` varchar(255) DEFAULT NULL,
  `id_subunsur` int(10) DEFAULT NULL,
  `nama_parent_atas` varchar(255) DEFAULT NULL
) ENGINE=InnoDB DEFAULT CHARSET=latin1;
/*!40101 SET character_set_client = @saved_cs_client */;

--
-- Dumping data for table `v_detail`
--

LOCK TABLES `v_detail` WRITE;
/*!40000 ALTER TABLE `v_detail` DISABLE KEYS */;
INSERT INTO `v_detail` VALUES ('','Mengikuti pendidikan formal/sekolah dan memperoleh			','',0,'',1,NULL),('1','Doktor (S3)','Ijazah',200,'Semua Jenjang',1,'Mengikuti pendidikan formal/sekolah dan memperoleh			'),('2','Magister (S2)		','Ijazah',150,'Semua Jenjang',1,'Mengikuti pendidikan formal/sekolah dan memperoleh			'),('3','Mengikuti Diklat fungsional/teknis yang mendukung tugas Widyaiswara dan memperoleh Surat Tanda Tamat Pendidikan dan Pelatihan (STTPP) / sertifikat (minimal 10 JP) 			 			 			','STTPP/Sertifikat',0.2,'Semua Jenjang',2,NULL),('','Persiapan						','',0,'',3,NULL),('','Menyusun Bahan Diklat dalam bentuk:	','',0,'',3,'Persiapan						'),('4','Bahan ajar','Makalah',0.6,'Semua Jenjang',3,'Menyusun Bahan Diklat dalam bentuk:	'),('5','Bahan tayang','Bahan Tayang',0.6,'Semua Jenjang',3,'Menyusun Bahan Diklat dalam bentuk:	'),('6','Bahan Peraga','Bahan Peraga',0.6,'Semua Jenjang',3,'Menyusun Bahan Diklat dalam bentuk:	'),('7','GBPP/RBPMB dan SAP/RP','GBPP/RBPMB dan SAP/RP',0.6,'Semua Jenjang',3,'Menyusun Bahan Diklat dalam bentuk:	'),('','Menyusun soal/materi ujian Diklat untuk: 	','',0,'',3,'Persiapan						'),('8','Pre test - Post test','Naskah soal',0.2,'Semua Jenjang',3,'Menyusun soal/materi ujian Diklat untuk: 	'),('9','Komprehensif test','Naskah soal',0.2,'Semua Jenjang',3,'Menyusun soal/materi ujian Diklat untuk: 	'),('10','Kasus','Naskah soal',0.2,'Semua Jenjang',3,'Menyusun soal/materi ujian Diklat untuk: 	'),('','Pelaksanaan','',0,'',3,NULL),('11','Melaksanakan tatap muka Diklat (PNS)','Jam Pelajaran',0.2,'Jenjang Pertama',3,'Pelaksanaan'),('12','Melaksanakan tatap muka Diklat (PNS)','Jam Pelajaran',0.4,'Jenjang Muda',3,'Pelaksanaan'),('13','Melaksanakan tatap muka Diklat (PNS)','Jam Pelajaran',0.6,'Jenjang Madya',3,'Pelaksanaan'),('14','Melaksanakan tatap muka Diklat (PNS)','Jam Pelajaran',0.8,'Jenjang Utama',3,'Pelaksanaan'),('15','Melaksanakan tatap muka Diklat (PNS)','Jam Pelajaran',0,'Semua Jenjang',3,'Pelaksanaan'),('16','Melaksanakan Pembimbingan','Jam Pelajaran',0,'Semua Jenjang',3,'Pelaksanaan'),('17','Melaksanakan Pendampingan OL / PKL / Benchmarking','Laporan',0.5,'Semua Jenjang',3,'Pelaksanaan'),('18','Melaksanakan Pendampingan Penulisan Kertas Kerja / Proyek Perubahan','Per Kertas Kerja (Maksimal 5 KK/PP)',0.5,'Semua Jenjang',3,'Pelaksanaan'),('','Memeriksa Hasil Ujian Diklat untuk:','',0,'',3,'Pelaksanaan'),('19','Pre test - Post test','Laporan',0.1,'Semua Jenjang',3,'Memeriksa Hasil Ujian Diklat untuk:'),('20','Komprehensif test','Laporan',0.1,'Semua Jenjang',3,'Memeriksa Hasil Ujian Diklat untuk:'),('21','Kasus','Laporan',0.3,'Semua Jenjang',3,'Memeriksa Hasil Ujian Diklat untuk:'),('22','Melakukan coaching pada proses penyelenggaraan','Laporan per Program',2,'Semua Jenjang',3,'Pelaksanaan'),('','Evaluasi Diklat','',0,'',4,NULL),('23','Terlibat dalam mengevaluasi penyelanggaraan Diklat di instasinya','Laporan',0.4,'Semua Jenjang',4,'Evaluasi Diklat'),('24','Terlibat dalam pengevaluasi kinerja Widyaiswara','Laporan',0.1,'Semua Jenjang',4,'Evaluasi Diklat'),('','Pengembangan Diklat','',0,'',4,NULL),('25','Terlibat dalam pelaksanaan Analisis Kebutuhan Diklat (AKD)','Laporan',2.5,'Semua Jenjang',4,'Pengembangan Diklat'),('26','Terlibat dalam penyusunan Kurikulum Diklat','Laporan',1.5,'Semua Jenjang',4,'Pengembangan Diklat'),('27','Terlibat dalam penyusunan Modul Diklat','Modul',5,'Semua Jenjang',4,'Pengembangan Diklat'),('','Membuat Karya Tulis/Karya Ilmiah dalam bidang spesialisasi keahliannya dan lingkup kediklatannya, dalam bentuk:','',0,'',5,NULL),('28','Buku dengan ISBN diterbitkan secara nasional','Buku',25,'Semua Jenjang',5,'Membuat Karya Tulis/Karya Ilmiah dalam bidang spesialisasi keahliannya dan lingkup kediklatannya, dalam bentuk:'),('','Non Buku, yang dimuat dalam:','',0,'',5,'Membuat Karya Tulis/Karya Ilmiah dalam bidang spesialisasi keahliannya dan lingkup kediklatannya, dalam bentuk:'),('','Jurnal Ilmiah:','',0,'',5,'Non Buku, yang dimuat dalam:'),('29','Internasional','Artikel',20,'Semua Jenjang',5,'Jurnal Ilmiah:'),('30','Nasional terakreditasi','Artikel',10,'Semua Jenjang',5,'Jurnal Ilmiah:'),('31','Nasional tidak terakreditasi','Artikel',5,'Semua Jenjang',5,'Jurnal Ilmiah:'),('32','Majalah Ilmiah','Artikel',2.5,'Semua Jenjang',5,'Non Buku, yang dimuat dalam:'),('','Buku Proceeding:','',0,'',5,'Non Buku, yang dimuat dalam:'),('33','Internasional','Artikel',5,'Semua Jenjang',5,'Buku Proceeding:'),('34','Nasional','Artikel',2.5,'Semua Jenjang',5,'Buku Proceeding:'),('35','Instansi','Artikel',1,'Semua Jenjang',5,'Buku Proceeding:'),('','Makalah dalam pertemuan ilmiah','',0,'',5,'Membuat Karya Tulis/Karya Ilmiah dalam bidang spesialisasi keahliannya dan lingkup kediklatannya, dalam bentuk:'),('36','Internasional','Makalah',5,'Semua Jenjang',5,'Makalah dalam pertemuan ilmiah'),('37','Nasional','Makalah',2.5,'Semua Jenjang',5,'Makalah dalam pertemuan ilmiah'),('38','Instansi','Makalah',1,'Semua Jenjang',5,'Makalah dalam pertemuan ilmiah'),('39','Meneumkan inovasi yang dipatenkan sesuai bidang spesialisasi dan telah masuk dalam daftar paten','Sertifikat Paten',20,'Semua Jenjang',6,NULL),('40','Menyusun buku pedoman/ketentuan pelaksanaan/ketentuan teknis di bidang kediklatan','Buku Pedoman',0.5,'Semua Jenjang',7,NULL),('41','Melaksanakan Orasi Ilmiah sesuai spesialisasinya','Berita Acara, KTI dan Sinopsis',5,'Semua Jenjang',8,NULL),('','Mengikuti seminar/lokakarya/konferensi dibidang kediklatan,sebagai:','',0,'',9,NULL),('42','Narasumber/pembahas/penyaji/ketua panitia','Per Kegiatan',2,'Semua Jenjang',9,'Mengikuti seminar/lokakarya/konferensi dibidang kediklatan,sebagai:'),('43','Moderator/peserta/anggota panitia','Per Kegiatan',1,'Semua Jenjang',9,'Mengikuti seminar/lokakarya/konferensi dibidang kediklatan,sebagai:'),('','Menjadi anggota organisasi profesi, sebagai:','',0,'',10,NULL),('44','Pengurus','Per Tahun',1,'Semua Jenjang',10,'Menjadi anggota organisasi profesi, sebagai:'),('45','Anggota','Per Tahun',0.7,'Semua Jenjang',10,'Menjadi anggota organisasi profesi, sebagai:'),('46','Membimbing Widyaiswara dibawah jenjang jabatannya','Laporan',1,'Jenjang Utama, Madya, Muda',11,NULL),('','Menulis artikel di Surat Kabar:','',0,'',9,NULL),('47','Nasional','Artikel',3,'Semua Jenjang',12,'Menulis artikel di Surat Kabar:'),('48','Provinsi/Kabupaten/Kota','Artikel',1.5,'Semua Jenjang',12,'Menulis artikel di Surat Kabar:'),('49','Menulis artikel di Website','Artikel',1,'Jenjang Utama, Madya, Muda',13,NULL),('','Memperoleh gelar kesarjanaan lainnya yang tidak sesuai bidang spesialisasinya dan/atau lebih dari satu kali pada jenjang pendidikan yang sama, pada program','',0,'',14,NULL),('50','Doktor (S-3)','Ijazah',15,'Semua Jenjang',14,'Memperoleh gelar kesarjanaan lainnya yang tidak sesuai bidang spesialisasinya dan/atau lebih dari satu kali pada jenjang pendidikan yang sama, pada program'),('51','Magister (S-2)','Ijazah',10,'Semua Jenjang',14,'Memperoleh gelar kesarjanaan lainnya yang tidak sesuai bidang spesialisasinya dan/atau lebih dari satu kali pada jenjang pendidikan yang sama, pada program'),('52','Sarjana (S-1)','Ijazah',5,'Semua Jenjang',14,'Memperoleh gelar kesarjanaan lainnya yang tidak sesuai bidang spesialisasinya dan/atau lebih dari satu kali pada jenjang pendidikan yang sama, pada program'),('','Memperoleh penghargaan Satya Lencana Karya Satya, lamanya:','',0,'',15,NULL),('53','30 (tiga puluh) tahun','Piagam',3,'Semua Jenjang',15,'Memperoleh gelar kesarjanaan lainnya yang tidak sesuai bidang spesialisasinya dan/atau lebih dari satu kali pada jenjang pendidikan yang sama, pada program'),('54','20 (tiga puluh) tahun','Piagam',2,'Semua Jenjang',15,'Memperoleh gelar kesarjanaan lainnya yang tidak sesuai bidang spesialisasinya dan/atau lebih dari satu kali pada jenjang pendidikan yang sama, pada program'),('55','10 (tiga puluh) tahun','Piagam',1,'Semua Jenjang',15,'Memperoleh gelar kesarjanaan lainnya yang tidak sesuai bidang spesialisasinya dan/atau lebih dari satu kali pada jenjang pendidikan yang sama, pada program'),('56','Memperoleh penghargaan lainnya dari pemerintah','Piagam',1,'Semua Jenjang',15,NULL),('57','Memperoleh gelar kehormatan akademis','Gelar',10,'Semua Jenjang',15,NULL);
/*!40000 ALTER TABLE `v_detail` ENABLE KEYS */;
UNLOCK TABLES;

--
-- Temporary table structure for view `v_kegiatan_top`
--

DROP TABLE IF EXISTS `v_kegiatan_top`;
/*!50001 DROP VIEW IF EXISTS `v_kegiatan_top`*/;
SET @saved_cs_client     = @@character_set_client;
SET character_set_client = utf8;
/*!50001 CREATE TABLE `v_kegiatan_top` (
  `id_kegiatan` tinyint NOT NULL,
  `nama_kegiatan` tinyint NOT NULL,
  `kode_kegiatan` tinyint NOT NULL,
  `satuan_hasil` tinyint NOT NULL,
  `angka_kredit` tinyint NOT NULL,
  `pelaksanaan` tinyint NOT NULL,
  `parent_id` tinyint NOT NULL,
  `id_subunsur` tinyint NOT NULL
) ENGINE=MyISAM */;
SET character_set_client = @saved_cs_client;

--
-- Final view structure for view `v_all_kegiatan`
--

/*!50001 DROP TABLE IF EXISTS `v_all_kegiatan`*/;
/*!50001 DROP VIEW IF EXISTS `v_all_kegiatan`*/;
/*!50001 SET @saved_cs_client          = @@character_set_client */;
/*!50001 SET @saved_cs_results         = @@character_set_results */;
/*!50001 SET @saved_col_connection     = @@collation_connection */;
/*!50001 SET character_set_client      = utf8mb4 */;
/*!50001 SET character_set_results     = utf8mb4 */;
/*!50001 SET collation_connection      = utf8mb4_general_ci */;
/*!50001 CREATE ALGORITHM=UNDEFINED */
/*!50013 DEFINER=`root`@`localhost` SQL SECURITY DEFINER */
/*!50001 VIEW `v_all_kegiatan` AS select `master_utama`.`nama_utama` AS `nama_utama`,`master_unsur`.`nama_unsur` AS `nama_unsur`,`master_subunsur`.`nama_subunsur` AS `nama_subunsur`,concat(trim(ifnull(`d`.`nama_kegiatan`,' ')),'',trim(ifnull(`c`.`nama_kegiatan`,'')),'',trim(ifnull(`b`.`nama_kegiatan`,'')),'',trim(ifnull(`a`.`nama_kegiatan`,''))) AS `kegiatan`,`a`.`id_kegiatan` AS `id_kegiatan`,`d`.`nama_kegiatan` AS `parent_top`,`c`.`nama_kegiatan` AS `parent_utama`,`b`.`nama_kegiatan` AS `parent_kedua`,`a`.`kode_kegiatan` AS `kode_kegiatan`,`a`.`nama_kegiatan` AS `nama_kegiatan`,`a`.`satuan_hasil` AS `satuan_hasil`,`a`.`angka_kredit` AS `angka_kredit`,`a`.`pelaksanaan` AS `pelaksanaan`,`a`.`id_subunsur` AS `id_subunsur`,`a`.`is_pilih` AS `is_pilih` from ((((((`master_kegiatan` `a` left join `master_kegiatan` `b` on((`a`.`parent_id` = `b`.`id_kegiatan`))) left join `master_kegiatan` `c` on((`b`.`parent_id` = `c`.`id_kegiatan`))) left join `master_kegiatan` `d` on((`c`.`parent_id` = `d`.`id_kegiatan`))) left join `master_subunsur` on((`a`.`id_subunsur` = `master_subunsur`.`id_subunsur`))) left join `master_unsur` on((`master_subunsur`.`id_unsur` = `master_unsur`.`id_unsur`))) left join `master_utama` on((`master_unsur`.`id_utama` = `master_utama`.`id_utama`))) where (`a`.`angka_kredit` <> 0) */;
/*!50001 SET character_set_client      = @saved_cs_client */;
/*!50001 SET character_set_results     = @saved_cs_results */;
/*!50001 SET collation_connection      = @saved_col_connection */;

--
-- Final view structure for view `v_kegiatan_top`
--

/*!50001 DROP TABLE IF EXISTS `v_kegiatan_top`*/;
/*!50001 DROP VIEW IF EXISTS `v_kegiatan_top`*/;
/*!50001 SET @saved_cs_client          = @@character_set_client */;
/*!50001 SET @saved_cs_results         = @@character_set_results */;
/*!50001 SET @saved_col_connection     = @@collation_connection */;
/*!50001 SET character_set_client      = utf8mb4 */;
/*!50001 SET character_set_results     = utf8mb4 */;
/*!50001 SET collation_connection      = utf8mb4_general_ci */;
/*!50001 CREATE ALGORITHM=UNDEFINED */
/*!50013 DEFINER=`root`@`localhost` SQL SECURITY DEFINER */
/*!50001 VIEW `v_kegiatan_top` AS select `master_kegiatan`.`id_kegiatan` AS `id_kegiatan`,`master_kegiatan`.`nama_kegiatan` AS `nama_kegiatan`,`master_kegiatan`.`kode_kegiatan` AS `kode_kegiatan`,`master_kegiatan`.`satuan_hasil` AS `satuan_hasil`,`master_kegiatan`.`angka_kredit` AS `angka_kredit`,`master_kegiatan`.`pelaksanaan` AS `pelaksanaan`,`master_kegiatan`.`parent_id` AS `parent_id`,`master_kegiatan`.`id_subunsur` AS `id_subunsur` from `master_kegiatan` where isnull(`master_kegiatan`.`parent_id`) */;
/*!50001 SET character_set_client      = @saved_cs_client */;
/*!50001 SET character_set_results     = @saved_cs_results */;
/*!50001 SET collation_connection      = @saved_col_connection */;
/*!40103 SET TIME_ZONE=@OLD_TIME_ZONE */;

/*!40101 SET SQL_MODE=@OLD_SQL_MODE */;
/*!40014 SET FOREIGN_KEY_CHECKS=@OLD_FOREIGN_KEY_CHECKS */;
/*!40014 SET UNIQUE_CHECKS=@OLD_UNIQUE_CHECKS */;
/*!40101 SET CHARACTER_SET_CLIENT=@OLD_CHARACTER_SET_CLIENT */;
/*!40101 SET CHARACTER_SET_RESULTS=@OLD_CHARACTER_SET_RESULTS */;
/*!40101 SET COLLATION_CONNECTION=@OLD_COLLATION_CONNECTION */;
/*!40111 SET SQL_NOTES=@OLD_SQL_NOTES */;

-- Dump completed on 2020-07-21 11:14:36
